League,Year,position,team,matches,pts,xG,xGA,ppda_coef,oppda_coef,deep,deep_allowed
La_liga,2014,1,Barcelona,38,94,102.98015200000002,28.44429270000001,5.683534703382723,16.367592989090525,489,114
La_liga,2014,2,Real Madrid,38,92,95.766243,42.607198,10.209085456325049,12.929510106152213,351,153
La_liga,2014,3,Atletico Madrid,38,78,57.04767,29.069107100000004,8.982028430893806,9.237090640679776,197,123
La_liga,2014,4,Valencia,38,77,55.06250000000001,39.392572,8.709827299105736,7.870224725817145,203,172
La_liga,2014,5,Sevilla,38,76,69.52662400000001,47.86274200000001,8.276147614918786,9.477804782000849,305,168
La_liga,2014,6,Villarreal,38,60,56.767999,40.70181300000001,10.072084889245293,8.679659582326257,242,171
La_liga,2014,7,Athletic Club,38,55,45.54215069999999,44.1067075,7.462405547667463,9.403964980727908,183,171
La_liga,2014,8,Celta Vigo,38,51,58.887332000000015,51.77713800000001,6.056172520220022,10.882769437017174,287,207
La_liga,2014,9,Malaga,38,50,46.221008000000005,54.130818,7.792069340315364,7.019067941073216,184,184
La_liga,2014,10,Rayo Vallecano,38,49,47.790696,70.43346,6.15797837557606,9.73510921556125,147,219
La_liga,2014,11,Espanyol,38,49,43.979193,48.30391579999999,9.381753858685476,7.15821740085443,173,205
La_liga,2014,12,Real Sociedad,38,46,33.48519699999999,51.15811800000001,8.614234642115408,8.829567437616348,146,168
La_liga,2014,13,Elche,38,41,39.61085300000001,58.07177,9.517572254867796,8.623286731035208,107,216
La_liga,2014,14,Getafe,38,37,33.9685805,53.673382,10.145485655483892,7.235660297374932,114,221
La_liga,2014,15,Levante,38,37,35.3017053,60.270317000000006,12.379267906551258,7.501470880491498,97,224
La_liga,2014,16,Deportivo La Coruna,38,35,37.8712378,50.9793042,9.872519602819812,7.921498201535552,133,188
La_liga,2014,17,Granada,38,35,37.38727509999999,54.283784,8.924796294868555,7.551742401644589,117,206
La_liga,2014,18,Eibar,38,35,29.560106899999997,53.71796199999999,9.636161419876489,8.056607783421207,106,225
La_liga,2014,19,Almeria,38,32,38.6699445,58.866805000000014,8.761424561450733,6.230163608502944,136,220
La_liga,2014,20,Cordoba,38,20,29.7645145,57.33977600000001,11.606826266670415,7.530367498117108,91,253
La_liga,2015,1,Barcelona,38,91,113.59827,34.029090100000005,6.012151909468335,15.064389542698626,570,163
La_liga,2015,2,Real Madrid,38,90,90.454148,45.233782,9.251966893412057,14.571880585412604,404,211
La_liga,2015,3,Atletico Madrid,38,88,54.92736500000001,27.797052,8.834883908940133,9.045123902718023,261,170
La_liga,2015,4,Villarreal,38,64,40.488814,41.63078800000001,9.924385958226544,9.034771594108914,188,215
La_liga,2015,5,Athletic Club,38,62,53.89661400000001,45.326224,8.112320106464502,9.674713458534471,221,174
La_liga,2015,6,Celta Vigo,38,60,50.20347,51.98172580000002,6.435314606547314,11.222888296863315,321,245
La_liga,2015,7,Sevilla,38,52,62.97063399999999,46.0882856,8.600500029023523,8.957717525987354,296,216
La_liga,2015,8,Malaga,38,48,45.751884,45.25460600000001,7.83013294058133,7.261826846638326,196,191
La_liga,2015,9,Real Sociedad,38,48,47.947144,48.036505000000005,8.157426954128175,9.268504881207772,185,183
La_liga,2015,10,Real Betis,38,45,40.112455100000005,64.394609,11.124883653663153,6.627317033432555,152,283
La_liga,2015,11,Valencia,38,44,50.50809900000001,61.685717,9.061171747361186,7.278318840048795,203,250
La_liga,2015,12,Las Palmas,38,44,38.676393,59.23681529999999,10.07955223579162,8.927858357891036,228,250
La_liga,2015,13,Espanyol,38,43,46.09186,60.84227799999999,8.504199708180982,7.50859744963642,186,219
La_liga,2015,14,Eibar,38,43,52.916666,50.580983,7.804410334637702,7.974348621324925,191,218
La_liga,2015,15,Deportivo La Coruna,38,42,43.74708699999999,52.374037,11.324321016787865,8.739138471099285,166,240
La_liga,2015,16,Sporting Gijon,38,39,42.5678716,60.61672700000001,11.566715504623808,6.814093478366836,132,265
La_liga,2015,17,Granada,38,39,41.353233,62.37492,8.999244943285099,7.2419761155766595,117,268
La_liga,2015,18,Rayo Vallecano,38,38,52.25944080000001,65.08895700000002,6.963565825291231,9.27039521927305,157,240
La_liga,2015,19,Getafe,38,36,41.773186,63.348645,9.866715449685875,7.230706595147383,159,229
La_liga,2015,20,Levante,38,32,39.2222133,63.54510100000001,10.851727587375509,7.591024497509575,169,272
La_liga,2016,1,Real Madrid,38,93,90.86640999999996,36.862559,9.74243924598858,13.407533416463902,333,173
La_liga,2016,2,Barcelona,38,90,93.55159400000002,31.315663300000004,6.702330217409409,15.710111355512122,552,144
La_liga,2016,3,Atletico Madrid,38,78,60.6589,31.3361685,9.954443662371872,8.828842703081074,265,168
La_liga,2016,4,Sevilla,38,72,59.09482499999999,38.704635,6.97983493590817,10.788850101732494,338,201
La_liga,2016,5,Villarreal,38,67,52.228737,43.1643821,11.527583287821749,10.59270360048253,268,260
La_liga,2016,6,Real Sociedad,38,64,45.58364529999999,43.7127224,7.096117847057872,11.220293953585088,229,168
La_liga,2016,7,Athletic Club,38,63,51.081266,40.45537599999999,7.993490614988312,9.94240019558706,233,167
La_liga,2016,8,Espanyol,38,56,32.5531964,38.34797899999999,11.62152118436746,8.024812780117776,117,254
La_liga,2016,9,Alaves,38,55,42.60110549999998,43.968918,12.401874814323945,7.920983068531751,110,248
La_liga,2016,10,Eibar,38,54,42.98034800000001,45.1701273,7.8213999262240765,9.458058160776154,157,218
La_liga,2016,11,Malaga,38,46,40.369334,47.34811859999999,8.766319809540018,8.537794224195338,167,198
La_liga,2016,12,Valencia,38,46,50.33957299999999,50.961089300000005,9.849351042189191,8.670477773416385,174,230
La_liga,2016,13,Celta Vigo,38,45,40.48075299999999,55.97525799999999,8.830990180312298,10.243297927267026,206,241
La_liga,2016,14,Las Palmas,38,39,40.79691400000001,58.39414600000001,10.230977404818498,10.034511758172991,270,211
La_liga,2016,15,Real Betis,38,39,35.715405,48.26806599999999,9.142622111885323,8.284595438721025,181,217
La_liga,2016,16,Deportivo La Coruna,38,36,40.99535209999999,48.60422199999999,10.113410391439748,8.90967485577662,103,232
La_liga,2016,17,Leganes,38,35,33.1895923,46.3858863,9.207090662466864,7.526390223398837,165,164
La_liga,2016,18,Sporting Gijon,38,31,36.354798,64.43206899999998,9.532080707223518,7.762877161177519,201,247
La_liga,2016,19,Osasuna,38,22,33.12960600000001,64.82491300000001,11.472048212234006,6.877610706940522,136,270
La_liga,2016,20,Granada,38,20,29.686114199999995,74.02516999999999,12.012297570052391,8.256404423687089,113,307
La_liga,2017,1,Barcelona,38,93,90.48675199999995,41.62082,9.10988260533254,13.939373439479969,528,188
La_liga,2017,2,Atletico Madrid,38,79,50.29048,35.483819999999994,10.56997071624339,9.87349128092797,257,233
La_liga,2017,3,Real Madrid,38,76,91.28737,45.097867999999984,9.30338211909132,13.999744400887844,453,188
La_liga,2017,4,Valencia,38,73,57.76337360000001,47.890202,10.62150545054771,8.630357941487558,234,250
La_liga,2017,5,Villarreal,38,61,55.669446,54.236571000000005,9.649503439793085,11.54065914189152,230,257
La_liga,2017,6,Real Betis,38,60,46.715464,49.7602212,9.809805688256075,12.713700427579646,183,236
La_liga,2017,7,Sevilla,38,58,61.491078000000016,54.032522,9.087484049432916,11.414897329838332,350,233
La_liga,2017,8,Getafe,38,55,49.029457,39.6481411,9.517908178234672,5.579030861649312,189,208
La_liga,2017,9,Eibar,38,51,41.42352,45.53158100000002,7.367009279838197,12.008982722435068,149,168
La_liga,2017,10,Girona,38,51,52.098753000000016,51.60399700000001,9.570753075196418,8.705767451709619,137,236
La_liga,2017,11,Celta Vigo,38,49,54.59000819999999,57.683858,10.474937577601754,11.510223269126156,250,274
La_liga,2017,12,Espanyol,38,49,41.576662000000006,53.371869,10.87813887604705,9.337775531243617,175,219
La_liga,2017,13,Real Sociedad,38,49,56.348762000000015,51.13120399999997,9.64014974244781,12.743521584429892,243,195
La_liga,2017,14,Alaves,38,47,37.879523000000006,58.200749,11.997596010452453,6.875615653453491,134,277
La_liga,2017,15,Levante,38,46,44.202161,65.115931,12.536207618084712,7.648646963468272,179,283
La_liga,2017,16,Athletic Club,38,43,51.785618,50.70784199999999,8.78152695975603,10.213549707871776,208,204
La_liga,2017,17,Leganes,38,43,39.25696089999999,48.7653586,10.806508218307195,7.30629108041208,145,186
La_liga,2017,18,Deportivo La Coruna,38,29,49.775169,60.873909000000005,11.097662584368916,9.285734990706654,217,277
La_liga,2017,19,Las Palmas,38,22,37.87521519999999,74.42937100000002,9.145376239279278,8.97190284321009,215,230
La_liga,2017,20,Malaga,38,20,35.876437,60.23637499999997,10.538918104914003,8.20495991141666,122,256
La_liga,2018,1,Barcelona,38,87,83.279534,44.93094999999999,9.015263901517136,16.404884844687324,417,171
La_liga,2018,2,Atletico Madrid,38,76,51.872324000000006,41.434059000000005,11.066204538602875,11.10477810643612,252,190
La_liga,2018,3,Real Madrid,38,68,68.654773,48.67575300000001,8.896578362734848,14.782500589542504,341,168
La_liga,2018,4,Valencia,38,61,61.88494899999998,42.854367,12.964657587277864,9.47400670587032,278,215
La_liga,2018,5,Sevilla,38,59,69.16230599999999,46.71073199999999,10.65203081464584,10.020620488210044,321,211
La_liga,2018,6,Getafe,38,59,47.034178,44.226041,8.7669032978593,5.700771442750935,186,196
La_liga,2018,7,Espanyol,38,53,50.15734599999999,54.61608600000002,9.856488791776902,9.819171281248202,241,241
La_liga,2018,8,Athletic Club,38,53,44.441324,47.15881799999999,8.304491872691997,11.302557686903404,221,185
La_liga,2018,9,Real Sociedad,38,50,47.987101,48.09444,9.943556360727678,9.488771035326913,194,208
La_liga,2018,10,Alaves,38,50,40.87301300000001,54.53208800000001,11.228230078782056,7.096709822691347,129,270
La_liga,2018,11,Real Betis,38,50,51.677425,53.54473199999999,9.316620850951312,12.38168493475522,241,220
La_liga,2018,12,Eibar,38,47,56.63360599999999,47.884205,7.067694653568081,11.224323961604387,235,177
La_liga,2018,13,Leganes,38,45,41.24928400000001,43.936601,12.471570785777809,9.964576074877924,155,190
La_liga,2018,14,Levante,38,44,54.08891299999999,78.86325499999998,10.581995110215344,7.043106727634993,206,295
La_liga,2018,15,Villarreal,38,44,54.79973999999998,56.11814799999999,11.152921069614612,11.173710155519863,232,263
La_liga,2018,16,Celta Vigo,38,41,48.699852000000014,63.4295,10.772791434260554,11.755188285583776,195,248
La_liga,2018,17,Real Valladolid,38,41,41.64154699999998,57.647325,11.450773336203998,9.834414454214562,139,243
La_liga,2018,18,Girona,38,37,42.986638000000006,55.334056,11.3904531125528,9.8565446351714,177,261
La_liga,2018,19,SD Huesca,38,33,51.37756899999998,63.425214,10.221756055844525,8.701259696940419,171,259
La_liga,2018,20,Rayo Vallecano,38,32,47.233183,62.318235,9.531583380516215,7.522984466152092,133,253
La_liga,2019,1,Real Madrid,38,87,72.15721800000003,33.146266,9.262201903346336,14.476896911683774,334,127
La_liga,2019,2,Barcelona,38,82,72.00944899999999,37.82394900000001,8.256988359112638,17.96159753017072,440,146
La_liga,2019,3,Sevilla,38,70,55.15550600000001,36.61730099999999,8.411132881656778,12.64235712018878,238,148
La_liga,2019,4,Atletico Madrid,38,70,58.700963,31.515192,9.686664573924112,10.994450336769818,264,162
La_liga,2019,5,Villarreal,38,60,65.60650100000001,48.589865,10.900010043110614,12.067332101309583,218,228
La_liga,2019,6,Real Sociedad,38,56,50.915671,41.885105,8.649489058298103,11.924640540762098,231,192
La_liga,2019,7,Granada,38,56,45.02140700000001,43.439237,10.176947001763748,7.772831901195273,135,197
La_liga,2019,8,Getafe,38,54,45.191234,43.0233834,7.005995471558769,6.302144663485731,176,119
La_liga,2019,9,Valencia,38,53,45.576255,59.073642,14.086310827191369,10.54327310681492,217,262
La_liga,2019,10,Osasuna,38,52,49.038488,49.580451,9.09790807709116,8.50695229418231,197,191
La_liga,2019,11,Athletic Club,38,51,42.095595,52.419298,9.713230736697202,10.22501820716951,122,205
La_liga,2019,12,Levante,38,49,49.427886000000015,64.249355,12.009367239143124,8.825311085972167,177,273
La_liga,2019,13,Real Valladolid,38,42,35.657758,53.937654,12.394396649501951,8.319263140191401,109,226
La_liga,2019,14,Eibar,38,42,42.34516200000001,54.33281600000001,8.973649108251536,9.55497742436619,141,197
La_liga,2019,15,Real Betis,38,41,48.89852799999999,56.303716,10.36279190146081,11.853481466052177,236,216
La_liga,2019,16,Alaves,38,39,38.14706149999999,57.92967600000001,12.210774984466122,7.77015179699216,130,220
La_liga,2019,17,Celta Vigo,38,37,40.441183,44.82971099999998,10.544065583484224,9.694045218604684,188,215
La_liga,2019,18,Leganes,38,36,38.921846,45.62058899999999,10.913983978351656,7.726034426609586,158,166
La_liga,2019,19,Mallorca,38,33,40.456310400000014,65.17030700000001,12.74276576459392,7.619622041754323,131,309
La_liga,2019,20,Espanyol,38,25,37.002815000000005,53.27932349999998,9.44130145852082,10.059594287249787,148,191
EPL,2014,1,Chelsea,38,87,68.64332,31.5243441,10.942027381600568,13.419519874764765,407,171
EPL,2014,2,Manchester City,38,79,75.81544099999999,40.499403,7.982490329660707,15.076978650180658,575,144
EPL,2014,3,Arsenal,38,75,69.80259099999999,35.718825,8.660595632132885,13.254168602983585,398,171
EPL,2014,4,Manchester United,38,70,54.206860000000006,39.84234699999999,7.648714692806585,15.521976787390887,267,194
EPL,2014,5,Tottenham,38,64,52.385284,57.04414800000001,8.000236627612955,11.300693754755406,210,232
EPL,2014,6,Liverpool,38,62,51.69722599999999,38.249721,9.913851388098657,12.121980998480746,306,201
EPL,2014,7,Southampton,38,60,54.965667,39.11352,9.259539710213556,14.879479078026922,270,183
EPL,2014,8,Swansea,38,56,40.90123500000002,55.94297000000001,12.826740899371346,11.455201408936118,156,310
EPL,2014,9,Stoke,38,54,46.260597,47.03066200000001,10.40575295380508,10.601439594262883,195,239
EPL,2014,10,Crystal Palace,38,48,44.756683,45.484365,11.577050645893948,6.582147901642835,180,258
EPL,2014,11,West Ham,38,47,46.687234,57.402133,12.042642603421289,8.433845139416723,217,316
EPL,2014,12,Everton,38,47,44.888185,46.182073,10.43277394405528,11.68267727966666,259,245
EPL,2014,13,West Bromwich Albion,38,44,38.62772909999999,53.748536,13.545803277440628,9.869703280033864,161,283
EPL,2014,14,Leicester,38,41,48.20640099999999,56.392116,10.22930804711766,8.019074496473403,191,287
EPL,2014,15,Newcastle United,38,39,40.221386,51.014275,10.422385092455874,8.840573949187506,175,239
EPL,2014,16,Aston Villa,38,38,33.102671,49.706256,16.38689216801628,11.065618930856424,184,237
EPL,2014,17,Sunderland,38,38,37.446153,51.464371,11.42130085028365,8.129491666829585,153,313
EPL,2014,18,Hull,38,35,32.791033,46.99295699999999,14.345146300011589,10.02113135209263,139,261
EPL,2014,19,Burnley,38,33,39.372649,57.88885599999999,11.460925785093936,9.979095624616528,218,258
EPL,2014,20,Queens Park Rangers,38,30,45.72609100000002,65.262558,10.341797302694657,7.591177261189004,179,298
EPL,2015,1,Leicester,38,81,68.416034,45.019954000000006,10.099470860074694,8.602384307326625,217,275
EPL,2015,2,Arsenal,38,71,73.530928,33.8574794,8.785488141260954,12.218744440189766,467,192
EPL,2015,3,Tottenham,38,70,63.41936200000001,37.08092899999999,6.677874617248266,11.690425452837244,255,182
EPL,2015,4,Manchester United,38,66,45.42421100000001,39.655822000000015,8.065414944805765,12.422403298662497,272,198
EPL,2015,5,Manchester City,38,66,66.19736,37.469231,8.187992646860565,13.828686092184109,379,149
EPL,2015,6,Southampton,38,63,56.201605,44.29160900000001,9.649278779400706,12.6290545638685,276,194
EPL,2015,7,West Ham,38,62,54.40056700000002,55.47865699999998,9.667072249799231,9.468405177828751,212,260
EPL,2015,8,Liverpool,38,60,54.365662000000015,37.8828599,7.915810659939249,11.826111301753327,373,158
EPL,2015,9,Stoke,38,51,42.626573,54.34991700000001,10.781819212366424,10.23129191411545,179,257
EPL,2015,10,Chelsea,38,50,54.47971900000001,44.626242,9.182035044199774,10.728803005062735,354,194
EPL,2015,11,Swansea,38,47,39.958642,53.634229000000026,10.461628263140213,11.532582681920484,188,254
EPL,2015,12,Everton,38,47,53.98107190000001,54.74880399999999,12.466180236401303,10.7795568775798,256,304
EPL,2015,13,Watford,38,45,43.19963699999998,51.851501,9.863686054034366,8.335105366131378,193,241
EPL,2015,14,West Bromwich Albion,38,43,39.7528703,51.93684600000001,12.340651837171295,7.945136041517219,168,256
EPL,2015,15,Crystal Palace,38,42,42.50767000000001,52.93888400000001,9.32510323603558,8.56500717089333,161,306
EPL,2015,16,Bournemouth,38,42,38.705838,53.96870899999999,9.578405587566191,10.792962965632038,199,216
EPL,2015,17,Sunderland,38,39,40.51717199999999,58.85022230000001,12.603121508943918,8.205901061170623,188,312
EPL,2015,18,Newcastle United,38,37,37.605660400000005,55.4230604,12.389467657408057,8.027511230933117,154,294
EPL,2015,19,Norwich,38,34,39.187494,58.930607,12.998479691003196,9.060642139166244,182,267
EPL,2015,20,Aston Villa,38,17,26.527059399999995,59.009573,13.835949475203492,7.984215614090003,136,300
EPL,2016,1,Chelsea,38,93,61.796887,28.6189194,11.768276327802845,11.874985897007225,435,150
EPL,2016,2,Tottenham,38,86,70.065979,33.7819329,7.804758281218535,12.262617801087472,300,182
EPL,2016,3,Manchester City,38,78,79.851438,29.607516,6.768413985743822,15.409429868572872,441,131
EPL,2016,4,Liverpool,38,76,66.63255800000002,37.6523285,7.601823852170674,16.302048314044153,446,134
EPL,2016,5,Arsenal,38,75,63.58125699999999,47.071277,8.525239872267852,14.459881826754543,478,199
EPL,2016,6,Manchester United,38,69,57.571359,31.623915,9.507941717022774,13.370097789516432,334,177
EPL,2016,7,Everton,38,61,49.6324541,45.78298399999999,10.6987001455215,10.983423180489387,197,261
EPL,2016,8,Bournemouth,38,46,50.01613400000001,62.992387,11.254612553362756,9.899497946879212,244,321
EPL,2016,9,Southampton,38,46,49.9841215,43.08468100000001,9.17566270127496,13.68754797751058,249,256
EPL,2016,10,West Ham,38,45,48.245556000000015,59.67157099999998,11.68473426866296,10.386478946133533,166,297
EPL,2016,11,West Bromwich Albion,38,45,38.213618,47.90015100000001,15.879628540187444,7.496460216332622,133,275
EPL,2016,12,Stoke,38,44,47.87402199999998,48.66872600000001,13.07066702510248,8.701834707990859,217,253
EPL,2016,13,Leicester,38,44,44.34083300000001,51.304373000000005,12.374472273759077,8.763966050369527,196,279
EPL,2016,14,Crystal Palace,38,41,45.40267000000001,50.031654,9.697307678169034,8.006623519259065,204,297
EPL,2016,15,Swansea,38,41,39.49954290000001,65.129661,13.40370431253531,11.5116687638355,161,308
EPL,2016,16,Watford,38,40,36.25455790000001,52.61801400000001,10.864119327607108,9.455931084551525,171,240
EPL,2016,17,Burnley,38,40,35.591733999999995,55.26861699999999,12.89413708985428,10.13592588789958,174,290
EPL,2016,18,Hull,38,34,33.839492,71.77442400000001,15.813960681977466,10.911178505009676,160,326
EPL,2016,19,Middlesbrough,38,28,30.930126300000005,55.3013599,11.045008255649469,10.884778386388088,144,320
EPL,2016,20,Sunderland,38,24,34.22368,65.66352800000001,13.279815413641384,8.608607633899872,180,334
EPL,2017,1,Manchester City,38,100,91.43414500000002,24.511917699999994,6.707812141991568,28.897068288668997,541,96
EPL,2017,2,Manchester United,38,81,59.043412,43.540152000000006,10.565642595295738,14.153926099562703,319,243
EPL,2017,3,Tottenham,38,77,68.91189399999999,35.859433,8.046219158880145,17.19392017025325,339,162
EPL,2017,4,Liverpool,38,75,77.48511899999998,35.751620700000004,10.410387517267775,23.561771163978104,436,148
EPL,2017,5,Chelsea,38,70,59.160689000000005,34.034713700000005,14.886178192640998,14.09810990453578,373,220
EPL,2017,6,Arsenal,38,63,72.269335,48.745316,9.584708914993932,17.635081011039908,488,203
EPL,2017,7,Burnley,38,54,32.771712,52.156891,14.797303188875771,10.584040244023258,162,305
EPL,2017,8,Everton,38,49,43.70751099999999,55.495772,10.952973629356514,11.010696879919056,185,297
EPL,2017,9,Leicester,38,47,50.28871369999999,49.35872299999999,12.774865694759631,10.123776059035317,183,268
EPL,2017,10,Crystal Palace,38,44,56.749704,53.53526900000001,12.478397437828034,8.617741525018115,247,269
EPL,2017,11,Bournemouth,38,44,39.99186,64.93248999999999,17.059263015965545,9.736076132665064,245,339
EPL,2017,12,Newcastle United,38,44,44.62560799999999,52.472364000000006,14.17395270888467,8.83467527079099,171,287
EPL,2017,13,West Ham,38,42,36.80133,58.36886899999997,13.536258654487478,8.8375115523566,173,308
EPL,2017,14,Watford,38,41,45.847429,53.981191,11.349030609881249,10.876684192218017,232,237
EPL,2017,15,Brighton,38,40,37.2144165,53.083801,19.517768296666077,12.624331768203335,159,291
EPL,2017,16,Huddersfield,38,37,32.1338432,53.216161,13.613523817938413,10.9018302153819,125,251
EPL,2017,17,Southampton,38,36,41.88014700000001,46.555427,10.136473716762742,12.386475630244922,225,277
EPL,2017,18,Stoke,38,33,36.754259,65.54098400000001,16.877042179664556,8.427139623303823,189,315
EPL,2017,19,Swansea,38,33,29.7130847,61.83360399999999,17.52209764775331,11.987337553582778,148,301
EPL,2017,20,West Bromwich Albion,38,31,35.184401,48.993914,14.579126129001637,9.080831964113832,140,263
EPL,2018,1,Manchester City,38,98,93.720559,25.7326041,8.526163727355268,30.46811259810453,582,135
EPL,2018,2,Liverpool,38,97,79.45754000000001,29.145105000000004,10.959870865746092,22.161375690580364,431,152
EPL,2018,3,Chelsea,38,72,63.968004,38.107687000000006,10.650182661297576,15.995166726004902,376,188
EPL,2018,4,Tottenham,38,71,61.746657000000006,49.146068000000014,9.90848208787457,17.680093699619132,270,202
EPL,2018,5,Arsenal,38,70,64.79537200000001,57.2974875,10.080325377078491,13.944289085235267,400,253
EPL,2018,6,Manchester United,38,66,68.61749799999998,52.30019000000002,11.073851102868892,14.433334468656629,313,268
EPL,2018,7,Wolverhampton Wanderers,38,57,53.05869160000001,42.691294,15.863031190347195,12.292937802483706,184,220
EPL,2018,8,Everton,38,54,53.86613399999999,49.30978990000001,10.259641140308236,10.972068436971488,211,210
EPL,2018,9,West Ham,38,52,47.96052790000002,65.66202299999999,13.315241395849933,10.406222991286182,261,293
EPL,2018,10,Leicester,38,52,52.11415300000001,44.642585,12.790205225969682,11.480872856407972,205,253
EPL,2018,11,Watford,38,50,51.73354600000001,63.291170999999984,12.497500664608388,10.361421707280272,275,264
EPL,2018,12,Crystal Palace,38,49,50.642166,52.804285,15.408263149673392,9.201229984572498,256,261
EPL,2018,13,Newcastle United,38,45,39.9106505,57.545492,14.721739818393583,10.545337655498406,178,305
EPL,2018,14,Bournemouth,38,45,58.812899,62.423162,17.27589757710997,10.7522805188485,280,313
EPL,2018,15,Burnley,38,40,44.7412159,66.12206499999999,14.485418849050816,10.630246321421213,193,315
EPL,2018,16,Southampton,38,39,49.671325,59.27171400000001,12.041886370515885,10.886729318778976,206,300
EPL,2018,17,Brighton,38,36,37.027868,62.462145,15.008271843371109,11.455870375765915,153,321
EPL,2018,18,Cardiff,38,34,41.7697266,66.503167,18.46297272076852,6.019176202017512,143,357
EPL,2018,19,Fulham,38,26,42.621864,73.58661000000001,16.566611432665667,12.02167746126583,171,335
EPL,2018,20,Huddersfield,38,16,29.002263000000003,67.194016,12.825775161703008,11.01288846175696,133,276
EPL,2019,1,Liverpool,38,99,75.19336999999999,39.5728982,8.607605324816856,24.73821177122079,429,145
EPL,2019,2,Manchester City,38,81,102.20523300000004,36.99762900000001,9.314521145844106,25.488707363148187,547,135
EPL,2019,3,Manchester United,38,66,66.186663,38.05916400000001,10.469858442645348,12.809706836989786,290,178
EPL,2019,4,Chelsea,38,66,76.227787,41.0882999,9.688095674534624,16.61028638744759,326,169
EPL,2019,5,Leicester,38,62,61.0171647,47.894043,9.118037457670225,14.196062005440186,293,203
EPL,2019,6,Tottenham,38,59,49.021303,54.12711099999999,12.802596442319034,11.162358645609949,224,264
EPL,2019,7,Wolverhampton Wanderers,38,59,54.223981,37.38927390000001,14.661360314835454,11.554359660360475,172,193
EPL,2019,8,Arsenal,38,56,50.82221799999999,57.25226600000001,12.3676535902978,12.98809383353402,265,253
EPL,2019,9,Burnley,38,54,49.3468938,53.839223,13.252874445668544,10.472002962455784,145,263
EPL,2019,10,Sheffield United,38,54,45.81162100000001,52.04245699999999,15.052348481236344,12.548963064165934,198,231
EPL,2019,11,Southampton,38,52,56.496626000000006,56.592573,8.770105439845212,11.179210807205076,230,249
EPL,2019,12,Everton,38,49,53.710143,49.211622000000006,10.840476016719643,10.87835861384237,203,215
EPL,2019,13,Newcastle United,38,44,36.491737,67.02935099999999,21.89675207429297,7.863314414606842,132,344
EPL,2019,14,Crystal Palace,38,43,34.447955500000006,57.392237,15.315904463470106,8.344128736599938,225,281
EPL,2019,15,Brighton,38,41,47.42406100000001,60.41584899999999,11.49976194050647,13.54768290233092,242,264
EPL,2019,16,West Ham,38,39,49.0691132,68.323322,14.387997071634642,10.82678511549048,217,308
EPL,2019,17,Aston Villa,38,35,45.08898899999999,71.595382,13.377096390596154,8.178343893448428,186,343
EPL,2019,18,Watford,38,34,48.56263699999999,59.528113000000005,13.53182821000348,10.267281506106947,227,259
EPL,2019,19,Bournemouth,38,34,44.6710449,63.29434499999999,14.2407198503319,9.699333656262937,210,326
EPL,2019,20,Norwich,38,21,37.234174900000006,71.60755700000001,14.340708968158872,10.183109569161134,207,345
Bundesliga,2014,1,Bayern Munich,34,79,66.20574520000001,21.9387286,5.7614758836951,25.022717234327683,388,83
Bundesliga,2014,2,Wolfsburg,34,69,58.347731,38.822021000000014,9.13631936895739,10.289876040555049,172,164
Bundesliga,2014,3,Borussia M.Gladbach,34,66,51.74157190000001,36.343299,12.751107875771773,12.783803136490745,221,198
Bundesliga,2014,4,Bayer Leverkusen,34,61,49.155698999999984,34.720386000000005,5.693288707933904,7.347595314513396,246,108
Bundesliga,2014,5,Augsburg,34,49,43.911698,46.659608,7.625899886027387,10.402359973618788,134,221
Bundesliga,2014,6,Schalke 04,34,48,41.25891579999998,46.961703,9.746071669337567,9.689741879912727,161,214
Bundesliga,2014,7,Borussia Dortmund,34,46,53.863501,33.3963487,7.622450445684757,12.6559743877135,292,112
Bundesliga,2014,8,Hoffenheim,34,44,49.963057,49.99786199999999,7.030917729693938,8.808023630694004,207,206
Bundesliga,2014,9,Werder Bremen,34,43,42.673755,52.3792689,9.028959986050252,5.9829699640699845,182,236
Bundesliga,2014,10,Eintracht Frankfurt,34,43,47.36971650000002,55.039228,8.22241461869894,7.948487840765021,185,227
Bundesliga,2014,11,FC Cologne,34,40,32.224092,40.519773999999984,18.076290506348496,9.735606569605444,137,230
Bundesliga,2014,12,Mainz 05,34,40,43.912293000000005,48.10898,10.26083434463899,8.519456535546915,183,196
Bundesliga,2014,13,Hannover 96,34,37,36.429044,46.284096,10.85471880199048,9.148241890408237,179,198
Bundesliga,2014,14,VfB Stuttgart,34,36,45.639776,48.09999220000002,10.032086009031053,9.610371741570413,143,201
Bundesliga,2014,15,Hamburger SV,34,35,32.859179000000005,55.829407,8.40563758863915,7.317976731944661,138,185
Bundesliga,2014,16,Hertha Berlin,34,35,32.65643190000001,46.198192500000005,11.58538937468333,6.815630553897546,96,196
Bundesliga,2014,17,Freiburg,34,34,38.6880206,45.91067699999999,13.47694860201456,8.307599284306656,229,232
Bundesliga,2014,18,Paderborn,34,31,36.079765,55.77042,11.71960790283736,6.6439865920936585,147,233
Bundesliga,2015,1,Bayern Munich,34,88,77.04149699999999,20.7943774,6.563204860159041,23.119248575337444,353,103
Bundesliga,2015,2,Borussia Dortmund,34,78,83.41023800000002,29.177493100000003,7.698881525654754,18.386425349878408,387,126
Bundesliga,2015,3,Bayer Leverkusen,34,60,52.90786900000001,41.2358206,6.165958339644739,8.52166244061262,243,165
Bundesliga,2015,4,Borussia M.Gladbach,34,55,53.668954,49.0692208,8.310616036010481,11.97225577364158,243,186
Bundesliga,2015,5,Schalke 04,34,52,47.129821,47.88331989999999,9.777486732810322,10.32518994049508,228,197
Bundesliga,2015,6,Mainz 05,34,50,47.914203000000015,47.268916,9.405914423665628,8.292618936319146,194,195
Bundesliga,2015,7,Hertha Berlin,34,50,35.895022,43.94092599999999,13.359182816591154,10.428040443812073,147,181
Bundesliga,2015,8,Wolfsburg,34,45,49.489405000000005,41.618975,10.501648122098596,13.29592171496149,177,195
Bundesliga,2015,9,FC Cologne,34,43,42.872219,44.42884599999999,17.18807789533395,10.080804935500463,178,207
Bundesliga,2015,10,Hamburger SV,34,41,38.753566000000006,51.185749,8.95887011521937,7.937922783450614,149,208
Bundesliga,2015,11,Ingolstadt,34,40,41.0237291,45.819034,7.445723537417102,6.72493037241004,164,183
Bundesliga,2015,12,Darmstadt,34,38,39.0313309,51.061428000000014,13.039857723178285,4.394457794857665,139,269
Bundesliga,2015,13,Werder Bremen,34,38,50.12382140000001,51.800028000000005,10.17823886774578,6.263669276358435,247,210
Bundesliga,2015,14,Augsburg,34,38,42.390457000000005,55.653333,10.919008369773302,9.70521023853808,119,249
Bundesliga,2015,15,Hoffenheim,34,37,39.554448,60.40555600000001,10.216986862050062,9.230357901505236,198,292
Bundesliga,2015,16,Eintracht Frankfurt,34,36,32.9494858,54.31038599999999,11.853060985920076,8.788883883373755,170,237
Bundesliga,2015,17,VfB Stuttgart,34,33,57.699662,65.055421,9.745846515292328,9.086825889580426,208,229
Bundesliga,2015,18,Hannover 96,34,25,32.4291916,63.57609000000001,13.6245418277933,8.398679305725716,134,246
Bundesliga,2016,1,Bayern Munich,34,82,73.908589,27.042341,6.467687757640242,21.219964094030345,433,133
Bundesliga,2016,2,RasenBallsport Leipzig,34,67,55.0917263,40.063822,7.325248821705507,9.438418607899903,251,171
Bundesliga,2016,3,Borussia Dortmund,34,64,74.908462,34.60547830000001,7.852328112641171,13.933248506412426,316,163
Bundesliga,2016,4,Hoffenheim,34,62,54.503884,41.442142,9.419683779226414,11.5342576141106,186,212
Bundesliga,2016,5,Hertha Berlin,34,49,38.150167,49.38726700000002,11.780293269051718,11.480841554656866,166,237
Bundesliga,2016,6,FC Cologne,34,49,45.33552399999999,41.274053,12.653170458887526,8.410501569013014,137,243
Bundesliga,2016,7,Freiburg,34,48,39.41105,54.620834,13.263204901609454,9.6668095924269,186,232
Bundesliga,2016,8,Werder Bremen,34,45,42.99272,60.546285000000005,13.044259385183484,7.620510598785328,213,236
Bundesliga,2016,9,Borussia M.Gladbach,34,45,45.82175500000001,44.43866599999999,11.283653801335864,12.481378067136342,211,218
Bundesliga,2016,10,Schalke 04,34,43,44.857644,43.870803,9.253571015098236,10.940175942132932,182,211
Bundesliga,2016,11,Eintracht Frankfurt,34,42,43.59054099999999,38.332900000000016,8.079183165759172,10.2841845284244,171,164
Bundesliga,2016,12,Bayer Leverkusen,34,41,53.104216,50.380264,8.118763344438092,9.692457441748337,287,173
Bundesliga,2016,13,Augsburg,34,38,33.88274999999999,52.261885,11.783889089843663,8.127520443504764,100,248
Bundesliga,2016,14,Hamburger SV,34,38,31.914013,57.140191,9.26465885661896,6.278069029794092,164,215
Bundesliga,2016,15,Mainz 05,34,37,42.36353,43.231438,8.978062600508746,7.412323811428691,164,189
Bundesliga,2016,16,Wolfsburg,34,37,44.465999,46.85182900000001,12.42098010814292,10.940054561506717,168,174
Bundesliga,2016,17,Ingolstadt,34,32,44.510902000000016,49.189039,8.215791591426045,7.226474434645627,224,177
Bundesliga,2016,18,Darmstadt,34,25,33.906823,68.041058,14.510748772645046,7.027988434104969,129,292
Bundesliga,2017,1,Bayern Munich,34,84,76.54890499999999,30.63783501,8.482018588084465,22.416086722169087,375,117
Bundesliga,2017,2,Schalke 04,34,63,46.829516,39.4193487,9.815007985403682,9.419936218489813,150,168
Bundesliga,2017,3,Bayer Leverkusen,34,55,56.98282599999999,36.921523,9.635306365632232,11.064621769666363,274,171
Bundesliga,2017,4,Hoffenheim,34,55,50.71606,45.195158,11.712857246548197,11.589915240816948,251,202
Bundesliga,2017,5,Borussia Dortmund,34,55,66.097937,40.855982,8.524170258204336,15.41599850769082,289,172
Bundesliga,2017,6,RasenBallsport Leipzig,34,53,51.422302000000016,47.422263,8.640599019390994,9.876323803943286,259,183
Bundesliga,2017,7,VfB Stuttgart,34,51,37.912172,39.35057299999999,12.531421540324896,11.2866314998982,148,204
Bundesliga,2017,8,Eintracht Frankfurt,34,49,41.059284,40.90861200000001,9.628260788595746,10.06902952794825,193,160
Bundesliga,2017,9,Borussia M.Gladbach,34,47,51.247335,52.08875200000001,12.05473187718202,12.08167056322067,209,250
Bundesliga,2017,10,Hertha Berlin,34,43,38.575184500000006,44.714015,12.663579309677829,10.4250071601872,115,227
Bundesliga,2017,11,Werder Bremen,34,42,38.50837,43.465298,12.121320787938052,10.278130960859835,186,195
Bundesliga,2017,12,Augsburg,34,41,42.262212000000005,40.81558,10.59827670498442,9.517158533155314,154,228
Bundesliga,2017,13,Hannover 96,34,39,41.21836900000001,54.36270800000001,11.094258493844292,8.561662271706677,174,224
Bundesliga,2017,14,Mainz 05,34,36,31.64673,45.17964200000001,10.78146320483375,7.893671691508704,147,223
Bundesliga,2017,15,Freiburg,34,36,36.982345,45.660265,13.677984209734351,9.28863191266408,165,204
Bundesliga,2017,16,Wolfsburg,34,33,32.1054943,49.430159,14.01968202634704,10.214229415104295,139,237
Bundesliga,2017,17,Hamburger SV,34,31,36.039135210000005,54.05785129999999,9.74350394210997,8.159852639939082,190,216
Bundesliga,2017,18,FC Cologne,34,22,41.500611000000006,67.16922300000002,12.323152280277489,10.489036190145132,208,245
Bundesliga,2018,1,Bayern Munich,34,78,92.24085700000002,27.4123437,8.642572553455787,30.236540574321232,435,89
Bundesliga,2018,2,Borussia Dortmund,34,76,64.99440200000001,42.875457,14.560877751347856,15.57433156498908,268,159
Bundesliga,2018,3,RasenBallsport Leipzig,34,66,68.24640599999998,39.653422000000006,10.663369039353787,10.54746878770609,245,160
Bundesliga,2018,4,Bayer Leverkusen,34,58,61.48967199999999,45.71042799999999,10.264005618192169,15.042458978643568,288,165
Bundesliga,2018,5,Borussia M.Gladbach,34,55,54.92618900000001,52.86834499999999,16.613169983090764,18.875893984673272,237,227
Bundesliga,2018,6,Wolfsburg,34,55,49.49094099999999,49.835679000000006,10.774149849533998,13.034452582184931,181,182
Bundesliga,2018,7,Eintracht Frankfurt,34,54,61.84249300000001,51.017874,11.38740030275643,10.680012207908398,178,217
Bundesliga,2018,8,Werder Bremen,34,53,49.360429,56.70904,11.856144790011268,15.16784381961853,233,206
Bundesliga,2018,9,Hoffenheim,34,51,79.954644,53.288005,9.062837225379196,13.833265466365471,308,239
Bundesliga,2018,10,Fortuna Duesseldorf,34,44,49.474933,63.06352,17.284161963000383,10.344535979810232,163,223
Bundesliga,2018,11,Hertha Berlin,34,43,50.520192,61.58314800000001,12.126609539600524,12.111640071398451,194,252
Bundesliga,2018,12,Mainz 05,34,43,49.214245000000005,62.80341099999998,14.183304967594417,10.580645158882351,211,244
Bundesliga,2018,13,Freiburg,34,36,41.225196,61.42939199999999,14.873624937246412,11.06321229552573,141,249
Bundesliga,2018,14,Schalke 04,34,33,46.618307,51.93916300000001,11.942048325079872,8.96341887316962,168,184
Bundesliga,2018,15,Augsburg,34,32,47.443577000000005,63.79156999999999,11.91881708253246,11.325131883623335,182,266
Bundesliga,2018,16,VfB Stuttgart,34,28,37.3775347,62.69824799999999,14.468857258758288,10.838292902221315,153,260
Bundesliga,2018,17,Hannover 96,34,21,34.808797,73.12036599999999,18.07376549161944,9.462546960460609,157,309
Bundesliga,2018,18,Nuernberg,34,19,35.37174299999999,54.801146,20.304274836579378,11.318299423630194,148,259
Bundesliga,2019,1,Bayern Munich,34,82,92.85156200000004,36.471658,8.064507720532765,21.02012425077363,407,119
Bundesliga,2019,2,Borussia Dortmund,34,69,64.26166400000001,42.02471419999999,12.121839255566243,18.710656277077057,297,135
Bundesliga,2019,3,RasenBallsport Leipzig,34,66,76.12656299999999,37.584974,10.691325392453027,14.923453702702018,303,157
Bundesliga,2019,4,Borussia M.Gladbach,34,65,73.58177,46.05345600000001,11.758087477113222,12.367936759640438,232,166
Bundesliga,2019,5,Bayer Leverkusen,34,63,61.88430599999998,49.678883,7.916516873653355,15.849618595392752,230,158
Bundesliga,2019,6,Hoffenheim,34,52,56.660719,58.75115999999999,13.01399165870057,13.912956199242227,201,230
Bundesliga,2019,7,Wolfsburg,34,49,54.433489,41.90652999999999,10.050284103478017,9.985282502000796,192,171
Bundesliga,2019,8,Freiburg,34,48,46.140809,63.37073699999999,15.682417486044065,12.035508800345896,158,258
Bundesliga,2019,9,Eintracht Frankfurt,34,45,58.33356520000002,50.926053,10.365416662123238,13.252926289865997,188,166
Bundesliga,2019,10,Hertha Berlin,34,41,44.29870600000001,55.577931999999976,14.62921271455549,12.29054491076606,151,241
Bundesliga,2019,11,Union Berlin,34,41,41.577336,54.941872,12.870872976691366,9.58394249486937,119,216
Bundesliga,2019,12,Schalke 04,34,39,35.926041000000005,54.22276,10.874584939221258,10.072686658870436,194,180
Bundesliga,2019,13,Mainz 05,34,37,46.18970199999999,62.89802399999999,13.313748612701303,8.883933056026663,181,242
Bundesliga,2019,14,Augsburg,34,36,43.85644999999999,59.11934200000001,16.804007523718226,8.402156690985596,133,223
Bundesliga,2019,15,FC Cologne,34,36,49.277536000000005,54.54433400000001,11.448608073363696,10.410441149969085,167,226
Bundesliga,2019,16,Werder Bremen,34,31,37.73813700000001,56.939854,12.85206637676376,11.041742680336466,186,205
Bundesliga,2019,17,Fortuna Duesseldorf,34,30,35.69057,64.448134,16.81042865268309,11.745077913444373,143,207
Bundesliga,2019,18,Paderborn,34,20,38.46536,67.83386800000001,14.440759022097216,9.21968658915103,113,295
Serie_A,2014,1,Juventus,38,87,59.077044,29.1296338,8.7150081046635,13.017562914250965,334,152
Serie_A,2014,2,Roma,38,70,50.85366200000001,36.787303,7.874104958573069,13.878386586129798,266,175
Serie_A,2014,3,Lazio,38,69,61.996225,35.871453200000005,7.2826351506046,11.223854818645256,214,173
Serie_A,2014,4,Fiorentina,38,64,60.67059499999999,48.502489,7.757887792850762,12.457943089073767,309,170
Serie_A,2014,5,Napoli,38,63,64.49538,34.37350100000001,8.836459552417248,13.31287541756252,281,137
Serie_A,2014,6,Genoa,38,59,57.321604,60.37169,8.157665555571208,7.375791448035461,250,199
Serie_A,2014,7,Sampdoria,38,56,47.58525919999998,48.37017300000001,8.81956395194474,8.672494175134991,209,246
Serie_A,2014,8,Inter,38,55,57.168296000000005,44.321354,6.444858083453585,13.7450157694437,297,171
Serie_A,2014,9,Torino,38,54,51.778812,42.689975,13.90466896920119,9.980621098931715,223,217
Serie_A,2014,10,AC Milan,38,52,47.072551,53.99087000000001,10.174636527270584,9.977120981623903,164,263
Serie_A,2014,11,Palermo,38,49,54.97283399999998,44.0141317,10.198460100926084,8.922919135197757,172,216
Serie_A,2014,12,Sassuolo,38,49,42.9145437,55.185098,9.16240135759207,8.200794189553001,190,237
Serie_A,2014,13,Verona,38,46,46.883277,63.409394000000006,12.712678476373256,8.252582459456116,190,314
Serie_A,2014,14,Chievo,38,43,33.013623,48.985331,10.139687089062235,6.794036856172734,173,247
Serie_A,2014,15,Empoli,38,42,49.662924,43.422374000000005,9.221540062531163,9.5528374563833,236,233
Serie_A,2014,16,Udinese,38,41,34.858852,54.753850999999976,12.72583554978138,8.317547451164094,171,304
Serie_A,2014,17,Atalanta,38,37,40.93720600000001,59.400306,10.241281631722387,7.768375111731407,189,277
Serie_A,2014,18,Cagliari,38,34,53.916897,54.166985,10.423377094205575,8.591547673331668,259,240
Serie_A,2014,19,Parma,38,26,31.765945,60.73810499999999,13.86127028727391,9.676831208698934,212,269
Serie_A,2014,20,Cesena,38,24,34.618038799999994,63.079551,11.66108476858419,8.595967224081656,168,267
Serie_A,2015,1,Juventus,38,91,62.98964899999999,22.998835,8.91936331533308,10.944932426499768,270,101
Serie_A,2015,2,Napoli,38,82,69.52683,26.6858098,8.067018105467938,16.60372278860702,320,142
Serie_A,2015,3,Roma,38,80,64.42869900000001,39.793531,8.229733511347115,13.486776937034085,326,142
Serie_A,2015,4,Inter,38,67,54.29583899999999,44.25022530000002,9.589484058287912,10.851686381094796,246,191
Serie_A,2015,5,Fiorentina,38,64,53.193085,36.21722189999999,6.820672781987328,12.354877705537069,211,142
Serie_A,2015,6,Sassuolo,38,61,47.322888000000006,42.931726,7.886056971802379,8.15148526747286,210,190
Serie_A,2015,7,AC Milan,38,57,53.906377000000006,40.909083,7.822838896786889,9.279708461709044,232,183
Serie_A,2015,8,Lazio,38,54,55.20889699999999,43.57519199999999,7.765106707470472,10.185990959540607,231,166
Serie_A,2015,9,Chievo,38,50,40.58988699999999,51.087573,9.77327958076381,9.68954576804088,165,255
Serie_A,2015,10,Genoa,38,46,45.28575829999999,48.62991399999999,8.545101283042674,7.738759717423492,201,240
Serie_A,2015,11,Empoli,38,46,37.838529,47.51194999999999,8.394617537600846,8.50945229231146,208,188
Serie_A,2015,12,Atalanta,38,45,46.076171,51.409722,8.498916177490594,8.486413554619078,176,223
Serie_A,2015,13,Torino,38,45,49.419914000000006,41.29218000000001,11.519641367896652,9.729253674649598,212,182
Serie_A,2015,14,Bologna,38,42,35.47868700000001,51.84152299999999,11.045819506603834,9.108502547991586,177,191
Serie_A,2015,15,Sampdoria,38,40,40.525432,66.193223,10.37229833597954,9.064594649722718,180,264
Serie_A,2015,16,Palermo,38,39,36.54812399999999,61.843031,11.954505852792431,6.673317599122888,153,287
Serie_A,2015,17,Udinese,38,39,46.309879,51.423825,11.857442525380122,8.03994092057326,165,242
Serie_A,2015,18,Carpi,38,38,43.37300779999999,51.79659499999999,11.50154060020045,6.250194416470023,151,237
Serie_A,2015,19,Frosinone,38,31,33.84341899999999,74.23394400000001,9.212314243440044,5.757819794023845,131,312
Serie_A,2015,20,Verona,38,28,40.1720139,61.707982,11.321208614388564,8.189984111618598,179,266
Serie_A,2016,1,Juventus,38,91,68.736204,23.5971261,9.497837840157576,13.003988643664256,302,117
Serie_A,2016,2,Roma,38,87,82.99652500000002,41.07572,8.92483537860806,13.625250801895582,354,201
Serie_A,2016,3,Napoli,38,86,77.51204599999997,32.160715,10.275383416261326,21.259331174509907,309,132
Serie_A,2016,4,Atalanta,38,72,61.393222,34.34998199999999,9.714026088344786,10.100492955822531,242,181
Serie_A,2016,5,Lazio,38,70,65.38642399999999,41.766694,9.8001068208968,12.178812146765802,312,168
Serie_A,2016,6,AC Milan,38,63,59.67272199999999,50.206752,9.471376671872072,12.065183815224644,244,222
Serie_A,2016,7,Inter,38,62,68.760473,44.775497,8.057059638691765,12.188575893237289,277,162
Serie_A,2016,8,Fiorentina,38,60,55.137755,53.30412899999999,8.74195284772315,13.689308284087762,214,212
Serie_A,2016,9,Torino,38,53,57.396987,61.71546100000002,9.37912124399292,11.003839370328675,229,271
Serie_A,2016,10,Sassuolo,38,49,50.56918,61.904521,10.710245087534012,8.482836525860732,200,253
Serie_A,2016,11,Sampdoria,38,48,46.17491999999999,56.856517,8.897629341391792,11.526173685825343,182,230
Serie_A,2016,12,Cagliari,38,47,42.4249501,68.31559,12.713377925673926,8.242377751519005,177,267
Serie_A,2016,13,Udinese,38,45,44.93708,54.66102599999999,15.964506640132266,8.300475761775573,152,229
Serie_A,2016,14,Chievo,38,43,42.739706,55.00594400000001,12.937535874018472,10.170138801544544,160,252
Serie_A,2016,15,Bologna,38,41,36.51112099999999,58.30282830000001,12.31054658106078,10.38452935933406,163,253
Serie_A,2016,16,Genoa,38,36,45.19648500000001,51.24922130000001,10.944752190981433,10.335232035259772,192,206
Serie_A,2016,17,Crotone,38,34,34.168615,61.229476,14.572564222850614,6.913491558889663,130,227
Serie_A,2016,18,Empoli,38,32,35.0911016,67.014983,10.26942650025562,8.672303563198952,182,278
Serie_A,2016,19,Palermo,38,26,28.915261,60.94130400000001,14.492819162970036,9.045939533105804,112,252
Serie_A,2016,20,Pescara,38,15,43.122026,68.40931699999999,12.310839389623531,8.797661201191033,241,261
Serie_A,2017,1,Juventus,38,95,59.228735,28.5773573,11.53403221013978,15.573204496158086,260,136
Serie_A,2017,2,Napoli,38,91,70.45362529999998,25.2661629,9.888521338139148,26.967791819482343,358,100
Serie_A,2017,3,Roma,38,77,65.626284,38.46324600000001,9.044311925478082,14.654917217960934,311,165
Serie_A,2017,4,Inter,38,72,60.834829000000006,37.332309,10.530280126849808,15.677608215347652,307,178
Serie_A,2017,5,Lazio,38,72,66.506443,42.568795,12.115472674823922,12.723401454603229,307,198
Serie_A,2017,6,AC Milan,38,64,50.87564199999999,36.778873,11.73663158759138,16.52092713186096,258,185
Serie_A,2017,7,Atalanta,38,60,64.29462299999999,36.504537,9.078096280069458,11.953860600059112,347,179
Serie_A,2017,8,Fiorentina,38,57,54.119047,42.1494403,9.091661539621748,13.29575547691113,239,196
Serie_A,2017,9,Sampdoria,38,54,53.1392869,62.25928599999999,10.484228033695498,13.621362761230644,270,237
Serie_A,2017,10,Torino,38,54,46.59212399999999,49.1131487,10.178812123634971,10.1915032584996,214,225
Serie_A,2017,11,Sassuolo,38,43,47.148854,50.633577900000006,12.840124199932914,8.488107888777348,168,231
Serie_A,2017,12,Genoa,38,41,42.2084412,42.87156100000001,16.089565862198167,10.708544680565812,226,219
Serie_A,2017,13,Udinese,38,40,45.195238,50.712865,13.483404183026307,10.383699507622811,171,242
Serie_A,2017,14,Chievo,38,40,34.42060170000001,55.280885,14.188015737687484,11.254856652920418,188,280
Serie_A,2017,15,Bologna,38,39,36.11303,48.798334,14.511054492224504,10.25519420239667,180,290
Serie_A,2017,16,Cagliari,38,39,38.27256,57.912604,13.1374118235214,10.27893421074122,198,287
Serie_A,2017,17,SPAL 2013,38,38,34.6135,60.17533100000001,15.139710644846147,8.961836267621367,151,291
Serie_A,2017,18,Crotone,38,35,33.2399123,59.43262,14.284767028761769,8.071358270720191,150,299
Serie_A,2017,19,Verona,38,25,33.76321170000001,72.70962,14.788666409276198,8.863356917763047,134,364
Serie_A,2017,20,Benevento,38,21,38.209353,77.314788,15.738586035390025,9.437133225666129,144,279
Serie_A,2018,1,Juventus,38,90,64.52717999999999,35.032053100000006,10.160174461892913,13.964740610341346,290,158
Serie_A,2018,2,Napoli,38,79,68.237943,36.50233649999999,10.724236356146054,18.070187315701816,344,181
Serie_A,2018,3,Atalanta,38,69,74.42529300000001,41.849468,8.926904684413559,13.724031476548811,367,164
Serie_A,2018,4,Inter,38,69,66.47384799999999,38.401341,9.183001992827656,17.12403833156835,311,192
Serie_A,2018,5,AC Milan,38,68,52.16481300000001,41.70170099999999,11.936967300692883,14.05629057453722,255,194
Serie_A,2018,6,Roma,38,66,68.394175,52.793821000000015,13.657052678286998,13.705715562099586,296,219
Serie_A,2018,7,Torino,38,63,46.471205000000005,48.94320499999999,7.604060630869537,8.572115784590984,219,215
Serie_A,2018,8,Lazio,38,59,61.265079,46.445482000000005,11.669451189630829,13.172013275267307,337,196
Serie_A,2018,9,Sampdoria,38,53,53.194756,54.27488199999999,9.506282647281555,12.864331295295298,290,215
Serie_A,2018,10,Bologna,38,44,48.100653,51.05562200000001,13.432920082398624,9.090118792411564,200,238
Serie_A,2018,11,Sassuolo,38,43,49.75482300000001,61.107331000000016,11.569352101445402,11.226541331411864,191,220
Serie_A,2018,12,Udinese,38,43,42.48628299999999,62.23432600000002,14.520379095856688,8.258603130964934,166,290
Serie_A,2018,13,SPAL 2013,38,42,43.28407000000001,54.011208,12.367779236372224,10.449170340038398,139,288
Serie_A,2018,14,Fiorentina,38,41,54.123063,44.0784088,9.725814176769411,10.542368629965592,211,194
Serie_A,2018,15,Cagliari,38,41,40.939495,63.74084,10.48832488447744,12.999506442603384,196,292
Serie_A,2018,16,Parma Calcio 1913,38,41,41.0986435,64.98114400000001,16.81957508538363,7.936237585238111,128,346
Serie_A,2018,17,Genoa,38,38,44.539067800000005,56.354305,12.171971027378422,9.15807988738573,235,255
Serie_A,2018,18,Empoli,38,38,52.061419,63.32737999999999,14.096073605930856,11.303252408069469,292,265
Serie_A,2018,19,Frosinone,38,25,36.1032521,64.5936685,14.777898995615478,9.125747001085426,139,335
Serie_A,2018,20,Chievo,38,20,36.4763295,62.692868,13.518123249549012,11.513253708093975,147,296
Serie_A,2019,1,Juventus,38,83,73.77452799999999,40.996703,9.041600045606431,15.61171237041326,270,174
Serie_A,2019,2,Inter,38,82,73.95315099999999,39.357559,9.199277767707027,16.556413233181267,327,192
Serie_A,2019,3,Lazio,38,78,67.54901199999999,52.333139,13.290807435764496,13.495134208036458,345,230
Serie_A,2019,4,Atalanta,38,78,86.17474399999996,41.72679,8.02085203600679,13.795979813838178,369,144
Serie_A,2019,5,Roma,38,70,78.31580199999999,49.15022600000001,11.654481647521402,14.162294075589068,331,187
Serie_A,2019,6,AC Milan,38,66,65.266741,46.415707,8.956627413171022,13.002845405520011,323,182
Serie_A,2019,7,Napoli,38,62,63.877947000000006,43.173080000000006,11.922602000869755,17.537663712438196,310,174
Serie_A,2019,8,Sassuolo,37,51,52.42054,62.920497,10.16215036568967,12.522486271475646,269,246
Serie_A,2019,9,Verona,37,49,51.50627899999999,53.05730799999999,9.33376795289614,11.061412354529082,235,294
Serie_A,2019,10,Fiorentina,37,46,51.242789,49.434717,13.157459657915656,9.257951284990314,217,187
Serie_A,2019,11,Bologna,37,46,56.076074,53.411872,8.046416533713256,10.544790898752789,216,270
Serie_A,2019,12,Parma Calcio 1913,37,46,43.582502,61.49342199999999,13.67610726974072,8.774372586321004,190,295
Serie_A,2019,13,Cagliari,38,45,41.923216,60.98321400000001,14.31166151663222,9.755232145168778,166,305
Serie_A,2019,14,Sampdoria,38,42,48.91522600000002,56.214360000000006,12.973793863851194,9.99149795427111,205,232
Serie_A,2019,15,Udinese,37,42,41.539416,51.54266199999999,15.92106354869971,10.508876132021271,204,263
Serie_A,2019,16,Torino,37,39,42.023372,62.155568,9.299745171411423,8.487891019819354,168,252
Serie_A,2019,17,Genoa,37,36,48.993215,58.5271219,11.338278156977186,10.982853726648216,214,295
Serie_A,2019,18,Lecce,37,35,50.83509800000001,88.432186,16.88482436897917,10.428721956176055,208,350
Serie_A,2019,19,Brescia,38,25,43.248823,78.38189999999999,14.789719874861747,7.180933172871471,190,375
Serie_A,2019,20,SPAL 2013,37,20,38.2108859,69.721329,12.443110402682091,10.307763560275164,178,288
Ligue_1,2014,1,Paris Saint Germain,38,83,78.41992999999998,28.240364100000004,7.13379441471891,16.841498904446127,321,116
Ligue_1,2014,2,Lyon,38,75,62.85182900000001,41.708588,8.994295824555484,11.970014613940618,202,136
Ligue_1,2014,3,Monaco,38,71,56.60817599999999,37.61875170000001,8.338964369837457,10.394530185470243,228,132
Ligue_1,2014,4,Marseille,38,69,60.63400000000001,36.40681609999999,6.34234440894973,8.526784746831241,201,126
Ligue_1,2014,5,Saint-Etienne,38,69,46.493418,38.244494,9.445227098571172,11.27916945573355,198,124
Ligue_1,2014,6,Bordeaux,38,63,48.21325600000001,43.08863,9.81108021638024,11.579723996909603,204,139
Ligue_1,2014,7,Lille,38,56,40.917056,44.2154493,9.512659866883729,10.75754026731311,170,150
Ligue_1,2014,8,Montpellier,38,56,45.3891241,42.454658,9.04157051646187,6.414752594858847,152,166
Ligue_1,2014,9,Rennes,38,50,37.443142,38.92486399999999,12.777381612648906,12.662490917507483,169,148
Ligue_1,2014,10,Guingamp,38,49,37.85135269999999,45.120083000000015,12.71918505312942,7.071668788594002,122,211
Ligue_1,2014,11,Nice,38,48,45.1948945,48.00381000000001,8.02350457483467,7.487107256580521,134,169
Ligue_1,2014,12,SC Bastia,38,47,30.25339,44.64250900000001,9.52974233629185,8.896307446968736,98,201
Ligue_1,2014,13,Caen,38,46,41.400288,59.072081999999966,12.36809198765339,7.297909013383903,118,229
Ligue_1,2014,14,Nantes,38,45,36.080293,39.62447050000001,10.257482815519282,9.632300701473875,124,127
Ligue_1,2014,15,Reims,38,44,43.448785,58.568456000000005,11.080865672606174,10.398169102084868,131,157
Ligue_1,2014,16,Lorient,38,43,41.035511000000014,52.50460599999999,13.110553969818602,11.238167930723236,151,187
Ligue_1,2014,17,Toulouse,38,42,40.67293220000001,45.66661100000001,7.508604988798507,9.231288854872371,184,165
Ligue_1,2014,18,Evian Thonon Gaillard,38,37,33.89784809999999,54.61410900000002,9.522563838297469,9.391400146204033,104,191
Ligue_1,2014,19,Metz,38,30,37.5191001,48.69199,11.213567358951286,8.60349240895815,132,204
Ligue_1,2014,20,Lens,38,29,38.410737000000005,55.323721,11.42868562175054,8.485849213804173,131,196
Ligue_1,2015,1,Paris Saint Germain,38,96,86.20095099999999,24.3654916,6.688799009443642,20.32503921436613,341,121
Ligue_1,2015,2,Lyon,38,65,63.00817100000002,38.008802,6.404365375105762,14.374665629058631,294,114
Ligue_1,2015,3,Monaco,38,65,58.128595,48.81241,9.014589011428406,9.595903431104894,154,197
Ligue_1,2015,4,Nice,38,63,45.23132199999999,47.707872,10.186318759958423,12.469680404824963,167,190
Ligue_1,2015,5,Lille,38,60,41.69368160000001,35.79477759999999,8.244871011761632,9.352145704101275,192,154
Ligue_1,2015,6,Saint-Etienne,38,58,45.463431000000014,44.65843639999999,8.168989413818833,12.143830028927502,195,190
Ligue_1,2015,7,Caen,38,54,43.900052,49.69084099999999,13.505886388984376,7.086915015382507,137,234
Ligue_1,2015,8,Rennes,38,52,42.905323,47.022605000000006,10.633879267791729,10.88119015368154,169,197
Ligue_1,2015,9,Angers,38,50,36.583386,41.019194000000006,15.361199498835576,8.231313927127752,99,176
Ligue_1,2015,10,Bordeaux,38,50,46.36235099999999,48.668373,9.479209633139442,9.187169732739328,173,151
Ligue_1,2015,11,SC Bastia,38,50,29.513936500000003,48.357947,12.14660718805087,7.689613475860249,123,209
Ligue_1,2015,12,Montpellier,38,49,43.137234,44.332013,10.716142713082489,9.56426904494831,155,149
Ligue_1,2015,13,Nantes,38,48,36.40285599999999,42.441769999999984,9.908935151650631,10.740780715053566,198,185
Ligue_1,2015,14,Marseille,38,48,48.888795,42.667824,7.913905627068923,11.006175455267798,202,167
Ligue_1,2015,15,Lorient,38,46,42.31126400000001,52.310991,13.34616322560855,9.456295888012573,171,206
Ligue_1,2015,16,Guingamp,38,44,41.3497343,46.27463200000001,13.530417330404084,7.9998970202763715,157,208
Ligue_1,2015,17,Toulouse,38,40,50.33195,39.8018285,9.749151895595976,7.584764850956355,190,172
Ligue_1,2015,18,Reims,38,39,42.869502,52.91662699999999,10.55944378595682,9.843400181389622,141,170
Ligue_1,2015,19,GFC Ajaccio,38,37,32.52133639999999,45.257307700000005,10.82289262142483,10.479798474431094,171,145
Ligue_1,2015,20,Troyes,38,18,36.589199,73.283328,12.09960857118378,10.468527132784311,187,281
Ligue_1,2016,1,Monaco,38,95,76.03698,34.89362799999999,9.587802849671652,12.331291032397743,226,139
Ligue_1,2016,2,Paris Saint Germain,38,87,82.16239900000002,24.247968,8.026454336163468,20.293990931161503,329,95
Ligue_1,2016,3,Nice,38,78,51.536786000000006,50.886751,12.564325681762613,13.360493795579009,198,173
Ligue_1,2016,4,Lyon,38,67,71.129286,41.027933,7.167148565099413,12.883241806256049,274,143
Ligue_1,2016,5,Marseille,38,62,53.82831299999998,47.3250403,9.359948495260127,13.027878767751124,197,185
Ligue_1,2016,6,Bordeaux,38,59,52.021644,44.113432,11.481892869421603,10.257461173401614,145,177
Ligue_1,2016,7,Nantes,38,51,42.985593,44.62324099999999,9.796819386960754,10.609986257771771,174,159
Ligue_1,2016,8,Rennes,38,50,41.805557,43.53614600000001,10.700722929997175,11.151829584307473,136,163
Ligue_1,2016,9,Saint-Etienne,38,50,42.91644,50.26189699999998,10.95611663496346,11.493838050560232,185,171
Ligue_1,2016,10,Guingamp,38,50,47.13899029999999,52.3067465,11.435645927187233,10.733357381309602,205,192
Ligue_1,2016,11,Lille,38,46,44.083999,48.77328200000001,10.891438795204198,10.162063459075249,142,185
Ligue_1,2016,12,Angers,38,46,46.19438900000001,41.018348,14.204300090207925,11.383046126363691,178,150
Ligue_1,2016,13,Toulouse,38,44,41.187499,42.977212,9.006858729886616,8.238747110832085,147,164
Ligue_1,2016,14,Metz,38,43,34.755631,63.67510000000001,13.810818115533651,8.963000479862243,131,261
Ligue_1,2016,15,Montpellier,38,39,44.19918600000001,52.025671,13.299070117134193,10.280862320591506,187,161
Ligue_1,2016,16,Caen,38,37,45.2790033,56.465537,12.01600490256665,9.448125821239202,122,213
Ligue_1,2016,17,Dijon,38,37,38.590344,62.66109299999999,11.73466479257127,10.019324146458676,166,222
Ligue_1,2016,18,Lorient,38,36,44.45624,51.87709700000003,12.98556690502335,13.274237776039842,172,179
Ligue_1,2016,19,Nancy,38,35,32.5770453,54.448139,11.106156054391311,9.643043728601324,121,208
Ligue_1,2016,20,SC Bastia,38,34,32.2656326,58.0066957,14.485635489626334,7.061571919073051,100,195
Ligue_1,2017,1,Paris Saint Germain,38,93,89.92429600000003,32.0967107,8.232706922297405,17.294540802228283,478,118
Ligue_1,2017,2,Monaco,38,80,62.411927,45.271219299999984,8.29136459804585,11.636969214719306,214,170
Ligue_1,2017,3,Lyon,38,78,65.268696,37.091301,9.49164943655245,12.377064853042114,222,139
Ligue_1,2017,4,Marseille,38,77,82.19777900000001,41.16942,7.573049655475748,13.14399884428156,243,134
Ligue_1,2017,5,Rennes,38,58,46.97008999999999,49.14335199999999,10.167159122124003,12.02950164903019,135,173
Ligue_1,2017,6,Bordeaux,38,55,52.55717400000001,41.377483000000005,10.443755002074008,10.602964825743138,186,153
Ligue_1,2017,7,Saint-Etienne,38,55,51.03485899999999,53.263987,11.299398993641828,11.835020333807067,198,181
Ligue_1,2017,8,Nice,38,54,47.35776499999999,45.898210000000006,12.43212832950478,14.886840294790192,177,176
Ligue_1,2017,9,Nantes,38,52,39.80020199999999,36.25907,12.404868582457867,9.689028914696122,176,226
Ligue_1,2017,10,Montpellier,38,51,39.808785000000015,37.928823,13.286092688485928,9.96292239491983,152,169
Ligue_1,2017,11,Dijon,38,48,40.025419,62.948365,11.807690796456871,10.082166647352349,215,194
Ligue_1,2017,12,Guingamp,38,47,41.858951700000006,50.512594,11.161191194581807,11.43275335148682,173,223
Ligue_1,2017,13,Amiens,38,45,31.465540500000007,51.69839,11.819090886948404,7.922172725886375,115,276
Ligue_1,2017,14,Angers,38,41,46.153114,45.19339869999999,14.410969153833287,9.891883871137544,184,168
Ligue_1,2017,15,Lille,38,38,36.128315,59.365085,10.450617402258336,11.026827870844336,163,216
Ligue_1,2017,16,Caen,38,38,41.174308,47.8258968,10.12137132589942,9.071026317106837,121,195
Ligue_1,2017,17,Strasbourg,38,38,43.272438,58.329383,10.13470580658331,9.76982246762356,164,192
Ligue_1,2017,18,Toulouse,38,37,43.294816,54.4548334,9.999341506165978,9.056549184305608,144,200
Ligue_1,2017,19,Troyes,38,33,37.12850040000001,52.471608,15.448843643329036,9.599934986420289,157,210
Ligue_1,2017,20,Metz,38,26,36.40051329999999,71.93435900000003,12.800795195488814,10.464800692783632,158,262
Ligue_1,2018,1,Paris Saint Germain,38,91,95.34405999999998,36.7824048,7.785468251157264,18.94767199602274,459,132
Ligue_1,2018,2,Lille,38,75,60.00665599999999,39.84752999999999,11.97552977977904,11.29012705073049,196,162
Ligue_1,2018,3,Lyon,38,72,72.714092,44.705811200000014,8.60487065362764,14.678871439280837,264,152
Ligue_1,2018,4,Saint-Etienne,38,66,57.84906499999999,48.8085806,10.320699571123228,12.210006657558973,197,185
Ligue_1,2018,5,Marseille,38,61,52.080527,44.589918,8.868161890871738,14.009418276039831,181,140
Ligue_1,2018,6,Montpellier,38,59,46.62067699999999,41.25642200000001,12.061848366779282,11.297010832104364,192,178
Ligue_1,2018,7,Nice,38,56,43.449513,49.732516,11.599403481410205,13.548910063787948,135,216
Ligue_1,2018,8,Reims,38,55,37.119521,42.28275399999999,13.31111179063453,9.10899872963384,165,176
Ligue_1,2018,9,Nimes,38,53,48.504984,55.471937,11.315547086499024,8.810480376444099,151,189
Ligue_1,2018,10,Rennes,38,52,56.05117000000001,46.194150000000015,10.898668890260586,11.897952019372411,187,207
Ligue_1,2018,11,Strasbourg,38,49,40.58874,48.5063415,12.704171596230069,13.227018232715857,156,182
Ligue_1,2018,12,Nantes,38,48,48.038438,47.296807,10.274389822448562,10.192764525093576,166,182
Ligue_1,2018,13,Angers,38,46,47.496038,46.30528199999999,16.96153690455383,10.155006730004557,189,204
Ligue_1,2018,14,Bordeaux,38,41,37.2663785,52.186512,11.047981161545447,10.625571141056172,159,188
Ligue_1,2018,15,Toulouse,38,38,42.727796000000005,56.420711,12.262682312033183,9.976165159733805,174,209
Ligue_1,2018,16,Amiens,38,38,34.630686000000004,46.755321,11.070733603426769,9.500525852298312,146,213
Ligue_1,2018,17,Monaco,38,36,46.49481819999998,48.76286300000001,11.131900537625484,11.255752799968713,184,169
Ligue_1,2018,18,Dijon,38,34,36.130932,57.61286199999999,11.05603292373914,10.94207669315166,199,214
Ligue_1,2018,19,Caen,38,33,26.9720973,61.086346,12.718814711010808,9.058018483121312,98,224
Ligue_1,2018,20,Guingamp,38,27,39.4550368,54.9361567,13.766611057392325,9.00381733402865,151,227
Ligue_1,2019,1,Paris Saint Germain,27,68,76.41905500000001,22.434996000000005,7.460972444976336,21.270464529529228,324,100
Ligue_1,2019,2,Marseille,28,56,36.423225,32.046407,8.939989655741954,12.212359939881908,145,86
Ligue_1,2019,3,Rennes,28,50,34.368041000000005,28.150286000000005,11.062571983733571,10.64297151635166,121,132
Ligue_1,2019,4,Lille,28,49,40.805435,30.169216,9.995763845159662,13.907878379078818,141,124
Ligue_1,2019,5,Nice,28,41,36.454345,42.69219799999999,11.966614967749637,13.116383953578447,110,170
Ligue_1,2019,6,Reims,28,41,28.926852999999998,26.467583,12.46602209686978,11.198320780244606,131,109
Ligue_1,2019,7,Montpellier,28,40,34.949277,32.258608,11.3127304214305,10.763492915265676,119,141
Ligue_1,2019,8,Monaco,28,40,48.55022999999999,41.05654,11.612507042758404,13.091675473430424,211,119
Ligue_1,2019,9,Lyon,28,40,36.24371599999999,24.727822,10.387834462265143,15.595874550659536,152,121
Ligue_1,2019,10,Angers,28,39,27.104215999999997,28.148132,17.421286173548324,11.310597985036813,132,117
Ligue_1,2019,11,Strasbourg,27,38,34.556127,33.46142570000001,12.99038118030792,11.766905966114612,133,100
Ligue_1,2019,12,Nantes,28,37,27.814269000000003,30.262707,12.734455234729964,10.510880300263825,110,122
Ligue_1,2019,13,Bordeaux,28,37,30.46877400000001,35.199265999999994,10.152499169737718,13.91449817497001,91,156
Ligue_1,2019,14,Metz,28,34,24.651134,36.53768300000001,15.80202049660796,9.510432463568147,92,145
Ligue_1,2019,15,Brest,28,34,30.04769,44.10606399999999,12.428580562942216,12.972555533870656,149,154
Ligue_1,2019,16,Dijon,28,30,27.37805,39.300382,14.308293301781418,9.70302146332392,111,176
Ligue_1,2019,17,Saint-Etienne,28,30,29.651493,37.725643,10.718416537389752,10.496213231091817,93,133
Ligue_1,2019,18,Nimes,28,27,30.193755000000003,40.4734,12.457196913846362,9.05479095930101,109,159
Ligue_1,2019,19,Amiens,28,23,25.6198687,38.426209,12.449506956939592,9.917284680302336,101,148
Ligue_1,2019,20,Toulouse,28,13,31.294048,48.275034,14.032993735530718,10.193534990696326,115,178
