league,year,position,team,matches,scored,conceded,pts,xG,xGA,pressure,oppo_pressure,xpts,pts_per_game
La_liga,2014,1,Barcelona,38,110,21,94,102.98015200000002,28.44429270000001,5.683534703382723,16.367592989090525,94.08129999999998,2.473684210526316
La_liga,2014,2,Real Madrid,38,118,38,92,95.766243,42.607198,10.209085456325049,12.929510106152213,81.7489,2.4210526315789473
La_liga,2014,3,Atletico Madrid,38,67,29,78,57.04767,29.069107100000004,8.982028430893806,9.237090640679776,73.13530000000003,2.0526315789473686
La_liga,2014,4,Valencia,38,70,32,77,55.06250000000001,39.392572,8.709827299105736,7.870224725817145,63.7068,2.026315789473684
La_liga,2014,5,Sevilla,38,71,45,76,69.52662400000001,47.86274200000001,8.276147614918786,9.477804782000849,67.38669999999999,2.0
La_liga,2014,6,Villarreal,38,48,37,60,56.767999,40.70181300000001,10.072084889245293,8.679659582326257,62.73629999999999,1.5789473684210527
La_liga,2014,7,Athletic Club,38,42,41,55,45.54215069999999,44.1067075,7.462405547667463,9.403964980727908,53.3585,1.4473684210526316
La_liga,2014,8,Celta Vigo,38,47,44,51,58.887332000000015,51.77713800000001,6.056172520220022,10.882769437017174,55.04879999999999,1.3421052631578947
La_liga,2014,9,Malaga,38,42,48,50,46.221008000000005,54.130818,7.792069340315364,7.019067941073216,48.512800000000006,1.3157894736842106
La_liga,2014,10,Rayo Vallecano,38,46,68,49,47.790696,70.43346,6.15797837557606,9.73510921556125,43.54550000000001,1.2894736842105263
La_liga,2014,11,Espanyol,38,47,51,49,43.979193,48.30391579999999,9.381753858685476,7.15821740085443,50.384999999999984,1.2894736842105263
La_liga,2014,12,Real Sociedad,38,44,51,46,33.48519699999999,51.15811800000001,8.614234642115408,8.829567437616348,38.78179999999999,1.2105263157894737
La_liga,2014,13,Elche,38,35,62,41,39.61085300000001,58.07177,9.517572254867796,8.623286731035208,40.671800000000005,1.0789473684210527
La_liga,2014,14,Getafe,38,33,64,37,33.9685805,53.673382,10.145485655483892,7.235660297374932,40.10310000000002,0.9736842105263158
La_liga,2014,15,Levante,38,34,67,37,35.3017053,60.270317000000006,12.379267906551258,7.501470880491498,37.60459999999999,0.9736842105263158
La_liga,2014,16,Deportivo La Coruna,38,35,60,35,37.8712378,50.9793042,9.872519602819812,7.921498201535552,43.52490000000001,0.9210526315789473
La_liga,2014,17,Granada,38,29,64,35,37.38727509999999,54.283784,8.924796294868555,7.551742401644589,45.7345,0.9210526315789473
La_liga,2014,18,Eibar,38,34,55,35,29.560106899999997,53.71796199999999,9.636161419876489,8.056607783421207,35.65370000000001,0.9210526315789473
La_liga,2014,19,Almeria,38,35,64,32,38.6699445,58.866805000000014,8.761424561450733,6.230163608502944,39.325500000000005,0.8421052631578947
La_liga,2014,20,Cordoba,38,22,68,20,29.7645145,57.33977600000001,11.606826266670415,7.530367498117108,36.2912,0.5263157894736842
La_liga,2015,1,Barcelona,38,112,29,91,113.59827,34.029090100000005,6.012151909468335,15.064389542698626,94.37999999999998,2.3947368421052633
La_liga,2015,2,Real Madrid,38,110,34,90,90.454148,45.233782,9.251966893412057,14.571880585412604,79.09270000000002,2.3684210526315788
La_liga,2015,3,Atletico Madrid,38,63,18,88,54.92736500000001,27.797052,8.834883908940133,9.045123902718023,72.28030000000001,2.3157894736842106
La_liga,2015,4,Villarreal,38,44,35,64,40.488814,41.63078800000001,9.924385958226544,9.034771594108914,52.1071,1.6842105263157894
La_liga,2015,5,Athletic Club,38,58,45,62,53.89661400000001,45.326224,8.112320106464502,9.674713458534471,58.23810000000002,1.631578947368421
La_liga,2015,6,Celta Vigo,38,51,59,60,50.20347,51.98172580000002,6.435314606547314,11.222888296863315,53.081,1.5789473684210527
La_liga,2015,7,Sevilla,38,51,50,52,62.97063399999999,46.0882856,8.600500029023523,8.957717525987354,63.6363,1.368421052631579
La_liga,2015,8,Malaga,38,38,35,48,45.751884,45.25460600000001,7.83013294058133,7.261826846638326,53.08010000000001,1.263157894736842
La_liga,2015,9,Real Sociedad,38,45,48,48,47.947144,48.036505000000005,8.157426954128175,9.268504881207772,52.7503,1.263157894736842
La_liga,2015,10,Real Betis,38,34,52,45,40.112455100000005,64.394609,11.124883653663153,6.627317033432555,40.48800000000001,1.1842105263157894
La_liga,2015,11,Valencia,38,46,48,44,50.50809900000001,61.685717,9.061171747361186,7.278318840048795,46.72509999999999,1.1578947368421053
La_liga,2015,12,Las Palmas,38,45,53,44,38.676393,59.23681529999999,10.07955223579162,8.927858357891036,41.17930000000001,1.1578947368421053
La_liga,2015,13,Espanyol,38,40,74,43,46.09186,60.84227799999999,8.504199708180982,7.50859744963642,43.1508,1.131578947368421
La_liga,2015,14,Eibar,38,49,61,43,52.916666,50.580983,7.804410334637702,7.974348621324925,54.02529999999999,1.131578947368421
La_liga,2015,15,Deportivo La Coruna,38,45,61,42,43.74708699999999,52.374037,11.324321016787865,8.739138471099285,46.07909999999999,1.105263157894737
La_liga,2015,16,Sporting Gijon,38,40,62,39,42.5678716,60.61672700000001,11.566715504623808,6.814093478366836,40.6074,1.0263157894736843
La_liga,2015,17,Granada,38,46,69,39,41.353233,62.37492,8.999244943285099,7.2419761155766595,38.4994,1.0263157894736843
La_liga,2015,18,Rayo Vallecano,38,52,73,38,52.25944080000001,65.08895700000002,6.963565825291231,9.27039521927305,45.77530000000001,1.0
La_liga,2015,19,Getafe,38,37,67,36,41.773186,63.348645,9.866715449685875,7.230706595147383,40.87899999999999,0.9473684210526315
La_liga,2015,20,Levante,38,37,70,32,39.2222133,63.54510100000001,10.851727587375509,7.591024497509575,37.3269,0.8421052631578947
La_liga,2016,1,Real Madrid,38,106,41,93,90.86640999999996,36.862559,9.74243924598858,13.407533416463902,86.1701,2.4473684210526314
La_liga,2016,2,Barcelona,38,116,37,90,93.55159400000002,31.315663300000004,6.702330217409409,15.710111355512122,87.95349999999999,2.3684210526315788
La_liga,2016,3,Atletico Madrid,38,70,27,78,60.6589,31.3361685,9.954443662371872,8.828842703081074,69.10210000000001,2.0526315789473686
La_liga,2016,4,Sevilla,38,69,49,72,59.09482499999999,38.704635,6.97983493590817,10.788850101732494,66.1788,1.894736842105263
La_liga,2016,5,Villarreal,38,56,33,67,52.228737,43.1643821,11.527583287821749,10.59270360048253,59.57190000000002,1.763157894736842
La_liga,2016,6,Real Sociedad,38,59,53,64,45.58364529999999,43.7127224,7.096117847057872,11.220293953585088,54.93579999999999,1.6842105263157894
La_liga,2016,7,Athletic Club,38,53,43,63,51.081266,40.45537599999999,7.993490614988312,9.94240019558706,60.5416,1.6578947368421053
La_liga,2016,8,Espanyol,38,49,50,56,32.5531964,38.34797899999999,11.62152118436746,8.024812780117776,46.923100000000005,1.4736842105263157
La_liga,2016,9,Alaves,38,41,43,55,42.60110549999998,43.968918,12.401874814323945,7.920983068531751,52.791,1.4473684210526316
La_liga,2016,10,Eibar,38,56,51,54,42.98034800000001,45.1701273,7.8213999262240765,9.458058160776154,50.0492,1.4210526315789473
La_liga,2016,11,Malaga,38,49,55,46,40.369334,47.34811859999999,8.766319809540018,8.537794224195338,45.7466,1.2105263157894737
La_liga,2016,12,Valencia,38,56,65,46,50.33957299999999,50.961089300000005,9.849351042189191,8.670477773416385,53.3876,1.2105263157894737
La_liga,2016,13,Celta Vigo,38,53,69,45,40.48075299999999,55.97525799999999,8.830990180312298,10.243297927267026,42.63019999999999,1.1842105263157894
La_liga,2016,14,Las Palmas,38,53,74,39,40.79691400000001,58.39414600000001,10.230977404818498,10.034511758172991,42.10850000000001,1.0263157894736843
La_liga,2016,15,Real Betis,38,41,64,39,35.715405,48.26806599999999,9.142622111885323,8.284595438721025,44.561800000000005,1.0263157894736843
La_liga,2016,16,Deportivo La Coruna,38,43,61,36,40.99535209999999,48.60422199999999,10.113410391439748,8.90967485577662,51.1573,0.9473684210526315
La_liga,2016,17,Leganes,38,36,55,35,33.1895923,46.3858863,9.207090662466864,7.526390223398837,40.9461,0.9210526315789473
La_liga,2016,18,Sporting Gijon,38,42,72,31,36.354798,64.43206899999998,9.532080707223518,7.762877161177519,33.85989999999999,0.8157894736842105
La_liga,2016,19,Osasuna,38,40,94,22,33.12960600000001,64.82491300000001,11.472048212234006,6.877610706940522,31.6423,0.5789473684210527
La_liga,2016,20,Granada,38,30,82,20,29.686114199999995,74.02516999999999,12.012297570052391,8.256404423687089,26.4951,0.5263157894736842
La_liga,2017,1,Barcelona,38,99,29,93,90.48675199999995,41.62082,9.10988260533254,13.939373439479969,79.43750000000003,2.4473684210526314
La_liga,2017,2,Atletico Madrid,38,58,22,79,50.29048,35.483819999999994,10.56997071624339,9.87349128092797,61.5989,2.0789473684210527
La_liga,2017,3,Real Madrid,38,94,44,76,91.28737,45.097867999999984,9.30338211909132,13.999744400887844,79.9894,2.0
La_liga,2017,4,Valencia,38,65,38,73,57.76337360000001,47.890202,10.62150545054771,8.630357941487558,58.23430000000001,1.9210526315789473
La_liga,2017,5,Villarreal,38,57,50,61,55.669446,54.236571000000005,9.649503439793085,11.54065914189152,54.9601,1.605263157894737
La_liga,2017,6,Real Betis,38,60,61,60,46.715464,49.7602212,9.809805688256075,12.713700427579646,50.5059,1.5789473684210527
La_liga,2017,7,Sevilla,38,49,58,58,61.491078000000016,54.032522,9.087484049432916,11.414897329838332,58.61090000000002,1.5263157894736843
La_liga,2017,8,Getafe,38,42,33,55,49.029457,39.6481411,9.517908178234672,5.579030861649312,57.5273,1.4473684210526316
La_liga,2017,9,Eibar,38,44,50,51,41.42352,45.53158100000002,7.367009279838197,12.008982722435068,50.78559999999999,1.3421052631578947
La_liga,2017,10,Girona,38,50,59,51,52.098753000000016,51.60399700000001,9.570753075196418,8.705767451709619,53.0296,1.3421052631578947
La_liga,2017,11,Celta Vigo,38,59,60,49,54.59000819999999,57.683858,10.474937577601754,11.510223269126156,48.8286,1.2894736842105263
La_liga,2017,12,Espanyol,38,36,42,49,41.576662000000006,53.371869,10.87813887604705,9.337775531243617,44.6792,1.2894736842105263
La_liga,2017,13,Real Sociedad,38,66,59,49,56.348762000000015,51.13120399999997,9.64014974244781,12.743521584429892,55.8397,1.2894736842105263
La_liga,2017,14,Alaves,38,40,50,47,37.879523000000006,58.200749,11.997596010452453,6.875615653453491,39.025400000000005,1.236842105263158
La_liga,2017,15,Levante,38,44,58,46,44.202161,65.115931,12.536207618084712,7.648646963468272,41.8183,1.2105263157894737
La_liga,2017,16,Athletic Club,38,41,49,43,51.785618,50.70784199999999,8.78152695975603,10.213549707871776,54.127,1.131578947368421
La_liga,2017,17,Leganes,38,34,51,43,39.25696089999999,48.7653586,10.806508218307195,7.30629108041208,44.5758,1.131578947368421
La_liga,2017,18,Deportivo La Coruna,38,38,76,29,49.775169,60.873909000000005,11.097662584368916,9.285734990706654,49.15869999999999,0.7631578947368421
La_liga,2017,19,Las Palmas,38,24,74,22,37.87521519999999,74.42937100000002,9.145376239279278,8.97190284321009,31.053200000000007,0.5789473684210527
La_liga,2017,20,Malaga,38,24,61,20,35.876437,60.23637499999997,10.538918104914003,8.20495991141666,35.831599999999995,0.5263157894736842
La_liga,2018,1,Barcelona,38,90,36,87,83.279534,44.93094999999999,9.015263901517136,16.404884844687324,73.96039999999999,2.289473684210526
La_liga,2018,2,Atletico Madrid,38,55,29,76,51.872324000000006,41.434059000000005,11.066204538602875,11.10477810643612,59.4276,2.0
La_liga,2018,3,Real Madrid,38,63,46,68,68.654773,48.67575300000001,8.896578362734848,14.782500589542504,64.7728,1.7894736842105263
La_liga,2018,4,Valencia,38,51,35,61,61.88494899999998,42.854367,12.964657587277864,9.47400670587032,65.16159999999999,1.605263157894737
La_liga,2018,5,Sevilla,38,62,47,59,69.16230599999999,46.71073199999999,10.65203081464584,10.020620488210044,65.07809999999999,1.5526315789473684
La_liga,2018,6,Getafe,38,48,35,59,47.034178,44.226041,8.7669032978593,5.700771442750935,53.1872,1.5526315789473684
La_liga,2018,7,Espanyol,38,48,50,53,50.15734599999999,54.61608600000002,9.856488791776902,9.819171281248202,50.0883,1.394736842105263
La_liga,2018,8,Athletic Club,38,41,45,53,44.441324,47.15881799999999,8.304491872691997,11.302557686903404,50.01219999999999,1.394736842105263
La_liga,2018,9,Real Sociedad,38,45,46,50,47.987101,48.09444,9.943556360727678,9.488771035326913,51.12550000000001,1.3157894736842106
La_liga,2018,10,Alaves,38,39,50,50,40.87301300000001,54.53208800000001,11.228230078782056,7.096709822691347,44.01619999999999,1.3157894736842106
La_liga,2018,11,Real Betis,38,44,52,50,51.677425,53.54473199999999,9.316620850951312,12.38168493475522,52.3904,1.3157894736842106
La_liga,2018,12,Eibar,38,46,50,47,56.63360599999999,47.884205,7.067694653568081,11.224323961604387,56.75300000000002,1.236842105263158
La_liga,2018,13,Leganes,38,37,43,45,41.24928400000001,43.936601,12.471570785777809,9.964576074877924,51.14569999999999,1.1842105263157894
La_liga,2018,14,Levante,38,59,66,44,54.08891299999999,78.86325499999998,10.581995110215344,7.043106727634993,40.23330000000001,1.1578947368421053
La_liga,2018,15,Villarreal,38,49,52,44,54.79973999999998,56.11814799999999,11.152921069614612,11.173710155519863,52.17990000000001,1.1578947368421053
La_liga,2018,16,Celta Vigo,38,53,62,41,48.699852000000014,63.4295,10.772791434260554,11.755188285583776,41.626,1.0789473684210527
La_liga,2018,17,Real Valladolid,38,32,51,41,41.64154699999998,57.647325,11.450773336203998,9.834414454214562,41.7997,1.0789473684210527
La_liga,2018,18,Girona,38,37,53,37,42.986638000000006,55.334056,11.3904531125528,9.8565446351714,45.165600000000005,0.9736842105263158
La_liga,2018,19,SD Huesca,38,43,65,33,51.37756899999998,63.425214,10.221756055844525,8.701259696940419,44.9625,0.868421052631579
La_liga,2018,20,Rayo Vallecano,38,41,70,32,47.233183,62.318235,9.531583380516215,7.522984466152092,43.015,0.8421052631578947
La_liga,2019,1,Real Madrid,38,70,25,87,72.15721800000003,33.146266,9.262201903346336,14.476896911683774,77.6868,2.289473684210526
La_liga,2019,2,Barcelona,38,86,38,82,72.00944899999999,37.82394900000001,8.256988359112638,17.96159753017072,73.1381,2.1578947368421053
La_liga,2019,3,Sevilla,38,54,34,70,55.15550600000001,36.61730099999999,8.411132881656778,12.64235712018878,65.70500000000001,1.8421052631578947
La_liga,2019,4,Atletico Madrid,38,51,27,70,58.700963,31.515192,9.686664573924112,10.994450336769818,72.3506,1.8421052631578947
La_liga,2019,5,Villarreal,38,63,49,60,65.60650100000001,48.589865,10.900010043110614,12.067332101309583,64.05269999999999,1.5789473684210527
La_liga,2019,6,Real Sociedad,38,56,48,56,50.915671,41.885105,8.649489058298103,11.924640540762098,57.17829999999999,1.4736842105263157
La_liga,2019,7,Granada,38,52,45,56,45.02140700000001,43.439237,10.176947001763748,7.772831901195273,52.59689999999999,1.4736842105263157
La_liga,2019,8,Getafe,38,43,37,54,45.191234,43.0233834,7.005995471558769,6.302144663485731,53.78779999999999,1.4210526315789473
La_liga,2019,9,Valencia,38,46,53,53,45.576255,59.073642,14.086310827191369,10.54327310681492,45.42909999999999,1.394736842105263
La_liga,2019,10,Osasuna,38,46,54,52,49.038488,49.580451,9.09790807709116,8.50695229418231,51.50969999999999,1.368421052631579
La_liga,2019,11,Athletic Club,38,41,38,51,42.095595,52.419298,9.713230736697202,10.22501820716951,44.6548,1.3421052631578947
La_liga,2019,12,Levante,38,47,53,49,49.427886000000015,64.249355,12.009367239143124,8.825311085972167,42.879000000000005,1.2894736842105263
La_liga,2019,13,Real Valladolid,38,32,43,42,35.657758,53.937654,12.394396649501951,8.319263140191401,39.3828,1.105263157894737
La_liga,2019,14,Eibar,38,39,56,42,42.34516200000001,54.33281600000001,8.973649108251536,9.55497742436619,42.907,1.105263157894737
La_liga,2019,15,Real Betis,38,48,60,41,48.89852799999999,56.303716,10.36279190146081,11.853481466052177,47.937100000000015,1.0789473684210527
La_liga,2019,16,Alaves,38,34,59,39,38.14706149999999,57.92967600000001,12.210774984466122,7.77015179699216,40.97700000000001,1.0263157894736843
La_liga,2019,17,Celta Vigo,38,37,49,37,40.441183,44.82971099999998,10.544065583484224,9.694045218604684,47.2581,0.9736842105263158
La_liga,2019,18,Leganes,38,30,51,36,38.921846,45.62058899999999,10.913983978351656,7.726034426609586,48.919,0.9473684210526315
La_liga,2019,19,Mallorca,38,40,65,33,40.456310400000014,65.17030700000001,12.74276576459392,7.619622041754323,35.35680000000001,0.868421052631579
La_liga,2019,20,Espanyol,38,27,58,25,37.002815000000005,53.27932349999998,9.44130145852082,10.059594287249787,41.75899999999999,0.6578947368421053
EPL,2014,1,Chelsea,38,73,32,87,68.64332,31.5243441,10.942027381600568,13.419519874764765,75.3172,2.289473684210526
EPL,2014,2,Manchester City,38,83,38,79,75.81544099999999,40.499403,7.982490329660707,15.076978650180658,73.0982,2.0789473684210527
EPL,2014,3,Arsenal,38,71,36,75,69.80259099999999,35.718825,8.660595632132885,13.254168602983585,75.17399999999999,1.9736842105263157
EPL,2014,4,Manchester United,38,62,37,70,54.206860000000006,39.84234699999999,7.648714692806585,15.521976787390887,63.03269999999999,1.8421052631578947
EPL,2014,5,Tottenham,38,58,53,64,52.385284,57.04414800000001,8.000236627612955,11.300693754755406,48.9361,1.6842105263157894
EPL,2014,6,Liverpool,38,52,48,62,51.69722599999999,38.249721,9.913851388098657,12.121980998480746,61.1673,1.631578947368421
EPL,2014,7,Southampton,38,54,33,60,54.965667,39.11352,9.259539710213556,14.879479078026922,62.816600000000015,1.5789473684210527
EPL,2014,8,Swansea,38,46,49,56,40.90123500000002,55.94297000000001,12.826740899371346,11.455201408936118,43.31670000000002,1.4736842105263157
EPL,2014,9,Stoke,38,48,45,54,46.260597,47.03066200000001,10.40575295380508,10.601439594262883,51.97149999999999,1.4210526315789473
EPL,2014,10,Crystal Palace,38,47,51,48,44.756683,45.484365,11.577050645893948,6.582147901642835,50.55699999999998,1.263157894736842
EPL,2014,11,West Ham,38,44,47,47,46.687234,57.402133,12.042642603421289,8.433845139416723,47.21779999999999,1.236842105263158
EPL,2014,12,Everton,38,48,50,47,44.888185,46.182073,10.43277394405528,11.68267727966666,50.91050000000001,1.236842105263158
EPL,2014,13,West Bromwich Albion,38,38,51,44,38.62772909999999,53.748536,13.545803277440628,9.869703280033864,44.7359,1.1578947368421053
EPL,2014,14,Leicester,38,46,55,41,48.20640099999999,56.392116,10.22930804711766,8.019074496473403,44.64,1.0789473684210527
EPL,2014,15,Newcastle United,38,40,63,39,40.221386,51.014275,10.422385092455874,8.840573949187506,45.63050000000001,1.0263157894736843
EPL,2014,16,Aston Villa,38,31,57,38,33.102671,49.706256,16.38689216801628,11.065618930856424,40.8917,1.0
EPL,2014,17,Sunderland,38,31,53,38,37.446153,51.464371,11.42130085028365,8.129491666829585,44.1821,1.0
EPL,2014,18,Hull,38,33,51,35,32.791033,46.99295699999999,14.345146300011589,10.02113135209263,41.3213,0.9210526315789473
EPL,2014,19,Burnley,38,28,53,33,39.372649,57.88885599999999,11.460925785093936,9.979095624616528,39.7959,0.868421052631579
EPL,2014,20,Queens Park Rangers,38,42,73,30,45.72609100000002,65.262558,10.341797302694657,7.591177261189004,40.2773,0.7894736842105263
EPL,2015,1,Leicester,38,68,36,81,68.416034,45.019954000000006,10.099470860074694,8.602384307326625,68.9442,2.1315789473684212
EPL,2015,2,Arsenal,38,65,36,71,73.530928,33.8574794,8.785488141260954,12.218744440189766,77.00869999999999,1.868421052631579
EPL,2015,3,Tottenham,38,69,35,70,63.41936200000001,37.08092899999999,6.677874617248266,11.690425452837244,69.41420000000001,1.8421052631578947
EPL,2015,4,Manchester United,38,49,35,66,45.42421100000001,39.655822000000015,8.065414944805765,12.422403298662497,56.4429,1.736842105263158
EPL,2015,5,Manchester City,38,71,41,66,66.19736,37.469231,8.187992646860565,13.828686092184109,70.13600000000001,1.736842105263158
EPL,2015,6,Southampton,38,59,41,63,56.201605,44.29160900000001,9.649278779400706,12.6290545638685,61.0763,1.6578947368421053
EPL,2015,7,West Ham,38,65,51,62,54.40056700000002,55.47865699999998,9.667072249799231,9.468405177828751,49.8002,1.631578947368421
EPL,2015,8,Liverpool,38,63,50,60,54.365662000000015,37.8828599,7.915810659939249,11.826111301753327,63.29060000000001,1.5789473684210527
EPL,2015,9,Stoke,38,41,55,51,42.626573,54.34991700000001,10.781819212366424,10.23129191411545,48.30089999999999,1.3421052631578947
EPL,2015,10,Chelsea,38,59,53,50,54.47971900000001,44.626242,9.182035044199774,10.728803005062735,59.6233,1.3157894736842106
EPL,2015,11,Swansea,38,42,52,47,39.958642,53.634229000000026,10.461628263140213,11.532582681920484,42.3999,1.236842105263158
EPL,2015,12,Everton,38,59,55,47,53.98107190000001,54.74880399999999,12.466180236401303,10.7795568775798,52.69149999999999,1.236842105263158
EPL,2015,13,Watford,38,40,50,45,43.19963699999998,51.851501,9.863686054034366,8.335105366131378,48.2545,1.1842105263157894
EPL,2015,14,West Bromwich Albion,38,34,48,43,39.7528703,51.93684600000001,12.340651837171295,7.945136041517219,42.3035,1.131578947368421
EPL,2015,15,Crystal Palace,38,39,51,42,42.50767000000001,52.93888400000001,9.32510323603558,8.56500717089333,44.8943,1.105263157894737
EPL,2015,16,Bournemouth,38,45,67,42,38.705838,53.96870899999999,9.578405587566191,10.792962965632038,43.77229999999999,1.105263157894737
EPL,2015,17,Sunderland,38,48,62,39,40.51717199999999,58.85022230000001,12.603121508943918,8.205901061170623,40.5241,1.0263157894736843
EPL,2015,18,Newcastle United,38,44,65,37,37.605660400000005,55.4230604,12.389467657408057,8.027511230933117,40.2114,0.9736842105263158
EPL,2015,19,Norwich,38,39,67,34,39.187494,58.930607,12.998479691003196,9.060642139166244,39.1777,0.8947368421052632
EPL,2015,20,Aston Villa,38,27,76,17,26.527059399999995,59.009573,13.835949475203492,7.984215614090003,29.814,0.4473684210526316
EPL,2016,1,Chelsea,38,85,33,93,61.796887,28.6189194,11.768276327802845,11.874985897007225,75.737,2.4473684210526314
EPL,2016,2,Tottenham,38,86,26,86,70.065979,33.7819329,7.804758281218535,12.262617801087472,75.37169999999999,2.263157894736842
EPL,2016,3,Manchester City,38,80,39,78,79.851438,29.607516,6.768413985743822,15.409429868572872,85.41309999999999,2.0526315789473686
EPL,2016,4,Liverpool,38,78,42,76,66.63255800000002,37.6523285,7.601823852170674,16.302048314044153,69.8308,2.0
EPL,2016,5,Arsenal,38,77,44,75,63.58125699999999,47.071277,8.525239872267852,14.459881826754543,62.1195,1.9736842105263157
EPL,2016,6,Manchester United,38,54,29,69,57.571359,31.623915,9.507941717022774,13.370097789516432,70.89420000000001,1.8157894736842106
EPL,2016,7,Everton,38,62,44,61,49.6324541,45.78298399999999,10.6987001455215,10.983423180489387,55.7771,1.605263157894737
EPL,2016,8,Bournemouth,38,55,67,46,50.01613400000001,62.992387,11.254612553362756,9.899497946879212,43.174200000000006,1.2105263157894737
EPL,2016,9,Southampton,38,41,48,46,49.9841215,43.08468100000001,9.17566270127496,13.68754797751058,55.685100000000006,1.2105263157894737
EPL,2016,10,West Ham,38,47,64,45,48.245556000000015,59.67157099999998,11.68473426866296,10.386478946133533,46.0425,1.1842105263157894
EPL,2016,11,West Bromwich Albion,38,43,51,45,38.213618,47.90015100000001,15.879628540187444,7.496460216332622,45.5854,1.1842105263157894
EPL,2016,12,Stoke,38,41,56,44,47.87402199999998,48.66872600000001,13.07066702510248,8.701834707990859,52.2932,1.1578947368421053
EPL,2016,13,Leicester,38,48,63,44,44.34083300000001,51.304373000000005,12.374472273759077,8.763966050369527,48.11949999999999,1.1578947368421053
EPL,2016,14,Crystal Palace,38,50,63,41,45.40267000000001,50.031654,9.697307678169034,8.006623519259065,48.4526,1.0789473684210527
EPL,2016,15,Swansea,38,45,70,41,39.49954290000001,65.129661,13.40370431253531,11.5116687638355,36.49079999999999,1.0789473684210527
EPL,2016,16,Watford,38,40,68,40,36.25455790000001,52.61801400000001,10.864119327607108,9.455931084551525,40.62490000000001,1.0526315789473684
EPL,2016,17,Burnley,38,39,55,40,35.591733999999995,55.26861699999999,12.89413708985428,10.13592588789958,38.35810000000001,1.0526315789473684
EPL,2016,18,Hull,38,37,80,34,33.839492,71.77442400000001,15.813960681977466,10.911178505009676,30.7344,0.8947368421052632
EPL,2016,19,Middlesbrough,38,27,53,28,30.930126300000005,55.3013599,11.045008255649469,10.884778386388088,37.25339999999999,0.7368421052631579
EPL,2016,20,Sunderland,38,29,69,24,34.22368,65.66352800000001,13.279815413641384,8.608607633899872,32.2426,0.631578947368421
EPL,2017,1,Manchester City,38,106,27,100,91.43414500000002,24.511917699999994,6.707812141991568,28.897068288668997,91.0893,2.6315789473684212
EPL,2017,2,Manchester United,38,68,28,81,59.043412,43.540152000000006,10.565642595295738,14.153926099562703,62.330700000000014,2.1315789473684212
EPL,2017,3,Tottenham,38,74,36,77,68.91189399999999,35.859433,8.046219158880145,17.19392017025325,76.01619999999998,2.026315789473684
EPL,2017,4,Liverpool,38,84,38,75,77.48511899999998,35.751620700000004,10.410387517267775,23.561771163978104,79.38480000000001,1.9736842105263157
EPL,2017,5,Chelsea,38,62,38,70,59.160689000000005,34.034713700000005,14.886178192640998,14.09810990453578,68.45700000000001,1.8421052631578947
EPL,2017,6,Arsenal,38,74,51,63,72.269335,48.745316,9.584708914993932,17.635081011039908,65.89910000000002,1.6578947368421053
EPL,2017,7,Burnley,38,36,39,54,32.771712,52.156891,14.797303188875771,10.584040244023258,41.00169999999999,1.4210526315789473
EPL,2017,8,Everton,38,44,58,49,43.70751099999999,55.495772,10.952973629356514,11.010696879919056,47.00149999999998,1.2894736842105263
EPL,2017,9,Leicester,38,56,60,47,50.28871369999999,49.35872299999999,12.774865694759631,10.123776059035317,55.85470000000001,1.236842105263158
EPL,2017,10,Crystal Palace,38,45,55,44,56.749704,53.53526900000001,12.478397437828034,8.617741525018115,58.03449999999998,1.1578947368421053
EPL,2017,11,Bournemouth,38,45,61,44,39.99186,64.93248999999999,17.059263015965545,9.736076132665064,37.6404,1.1578947368421053
EPL,2017,12,Newcastle United,38,39,47,44,44.62560799999999,52.472364000000006,14.17395270888467,8.83467527079099,46.23800000000002,1.1578947368421053
EPL,2017,13,West Ham,38,48,68,42,36.80133,58.36886899999997,13.536258654487478,8.8375115523566,39.2592,1.105263157894737
EPL,2017,14,Watford,38,44,64,41,45.847429,53.981191,11.349030609881249,10.876684192218017,46.6939,1.0789473684210527
EPL,2017,15,Brighton,38,34,54,40,37.2144165,53.083801,19.517768296666077,12.624331768203335,40.84720000000001,1.0526315789473684
EPL,2017,16,Huddersfield,38,28,58,37,32.1338432,53.216161,13.613523817938413,10.9018302153819,36.8432,0.9736842105263158
EPL,2017,17,Southampton,38,37,56,36,41.88014700000001,46.555427,10.136473716762742,12.386475630244922,48.71569999999999,0.9473684210526315
EPL,2017,18,Stoke,38,35,68,33,36.754259,65.54098400000001,16.877042179664556,8.427139623303823,36.1678,0.868421052631579
EPL,2017,19,Swansea,38,28,56,33,29.7130847,61.83360399999999,17.52209764775331,11.987337553582778,32.307100000000005,0.868421052631579
EPL,2017,20,West Bromwich Albion,38,31,56,31,35.184401,48.993914,14.579126129001637,9.080831964113832,42.9637,0.8157894736842105
EPL,2018,1,Manchester City,38,95,23,98,93.720559,25.7326041,8.526163727355268,30.46811259810453,90.6406,2.5789473684210527
EPL,2018,2,Liverpool,38,89,22,97,79.45754000000001,29.145105000000004,10.959870865746092,22.161375690580364,83.45409999999998,2.5526315789473686
EPL,2018,3,Chelsea,38,63,39,72,63.968004,38.107687000000006,10.650182661297576,15.995166726004902,71.451,1.894736842105263
EPL,2018,4,Tottenham,38,67,39,71,61.746657000000006,49.146068000000014,9.90848208787457,17.680093699619132,61.43999999999999,1.868421052631579
EPL,2018,5,Arsenal,38,73,51,70,64.79537200000001,57.2974875,10.080325377078491,13.944289085235267,58.9713,1.8421052631578947
EPL,2018,6,Manchester United,38,65,54,66,68.61749799999998,52.30019000000002,11.073851102868892,14.433334468656629,61.85960000000002,1.736842105263158
EPL,2018,7,Wolverhampton Wanderers,38,47,46,57,53.05869160000001,42.691294,15.863031190347195,12.292937802483706,59.9145,1.5
EPL,2018,8,Everton,38,54,46,54,53.86613399999999,49.30978990000001,10.259641140308236,10.972068436971488,55.5378,1.4210526315789473
EPL,2018,9,West Ham,38,52,55,52,47.96052790000002,65.66202299999999,13.315241395849933,10.406222991286182,43.7194,1.368421052631579
EPL,2018,10,Leicester,38,51,48,52,52.11415300000001,44.642585,12.790205225969682,11.480872856407972,56.23779999999999,1.368421052631579
EPL,2018,11,Watford,38,52,59,50,51.73354600000001,63.291170999999984,12.497500664608388,10.361421707280272,46.00149999999999,1.3157894736842106
EPL,2018,12,Crystal Palace,38,51,53,49,50.642166,52.804285,15.408263149673392,9.201229984572498,51.92549999999999,1.2894736842105263
EPL,2018,13,Newcastle United,38,42,48,45,39.9106505,57.545492,14.721739818393583,10.545337655498406,39.2231,1.1842105263157894
EPL,2018,14,Bournemouth,38,56,70,45,58.812899,62.423162,17.27589757710997,10.7522805188485,51.4947,1.1842105263157894
EPL,2018,15,Burnley,38,45,68,40,44.7412159,66.12206499999999,14.485418849050816,10.630246321421213,41.9982,1.0526315789473684
EPL,2018,16,Southampton,38,45,65,39,49.671325,59.27171400000001,12.041886370515885,10.886729318778976,45.10750000000001,1.0263157894736843
EPL,2018,17,Brighton,38,35,60,36,37.027868,62.462145,15.008271843371109,11.455870375765915,36.186,0.9473684210526315
EPL,2018,18,Cardiff,38,34,69,34,41.7697266,66.503167,18.46297272076852,6.019176202017512,37.44920000000001,0.8947368421052632
EPL,2018,19,Fulham,38,34,81,26,42.621864,73.58661000000001,16.566611432665667,12.02167746126583,33.6044,0.6842105263157895
EPL,2018,20,Huddersfield,38,22,76,16,29.002263000000003,67.194016,12.825775161703008,11.01288846175696,29.610599999999994,0.42105263157894735
EPL,2019,1,Liverpool,38,85,33,99,75.19336999999999,39.5728982,8.607605324816856,24.73821177122079,74.27839999999999,2.6052631578947367
EPL,2019,2,Manchester City,38,102,35,81,102.20523300000004,36.99762900000001,9.314521145844106,25.488707363148187,86.75639999999997,2.1315789473684212
EPL,2019,3,Manchester United,38,66,36,66,66.186663,38.05916400000001,10.469858442645348,12.809706836989786,70.99169999999998,1.736842105263158
EPL,2019,4,Chelsea,38,69,54,66,76.227787,41.0882999,9.688095674534624,16.61028638744759,73.4872,1.736842105263158
EPL,2019,5,Leicester,38,67,41,62,61.0171647,47.894043,9.118037457670225,14.196062005440186,61.1553,1.631578947368421
EPL,2019,6,Tottenham,38,61,47,59,49.021303,54.12711099999999,12.802596442319034,11.162358645609949,49.264600000000016,1.5526315789473684
EPL,2019,7,Wolverhampton Wanderers,38,51,40,59,54.223981,37.38927390000001,14.661360314835454,11.554359660360475,63.82129999999997,1.5526315789473684
EPL,2019,8,Arsenal,38,56,48,56,50.82221799999999,57.25226600000001,12.3676535902978,12.98809383353402,50.14710000000001,1.4736842105263157
EPL,2019,9,Burnley,38,43,50,54,49.3468938,53.839223,13.252874445668544,10.472002962455784,49.5405,1.4210526315789473
EPL,2019,10,Sheffield United,38,39,39,54,45.81162100000001,52.04245699999999,15.052348481236344,12.548963064165934,49.3411,1.4210526315789473
EPL,2019,11,Southampton,38,51,60,52,56.496626000000006,56.592573,8.770105439845212,11.179210807205076,56.8654,1.368421052631579
EPL,2019,12,Everton,38,44,56,49,53.710143,49.211622000000006,10.840476016719643,10.87835861384237,55.7761,1.2894736842105263
EPL,2019,13,Newcastle United,38,38,58,44,36.491737,67.02935099999999,21.89675207429297,7.863314414606842,31.917299999999987,1.1578947368421053
EPL,2019,14,Crystal Palace,38,31,50,43,34.447955500000006,57.392237,15.315904463470106,8.344128736599938,38.263000000000005,1.131578947368421
EPL,2019,15,Brighton,38,39,54,41,47.42406100000001,60.41584899999999,11.49976194050647,13.54768290233092,48.02409999999999,1.0789473684210527
EPL,2019,16,West Ham,38,49,62,39,49.0691132,68.323322,14.387997071634642,10.82678511549048,38.747400000000006,1.0263157894736843
EPL,2019,17,Aston Villa,38,41,67,35,45.08898899999999,71.595382,13.377096390596154,8.178343893448428,37.22690000000001,0.9210526315789473
EPL,2019,18,Watford,38,36,64,34,48.56263699999999,59.528113000000005,13.53182821000348,10.267281506106947,47.87369999999999,0.8947368421052632
EPL,2019,19,Bournemouth,38,40,65,34,44.6710449,63.29434499999999,14.2407198503319,9.699333656262937,39.1979,0.8947368421052632
EPL,2019,20,Norwich,38,26,75,21,37.234174900000006,71.60755700000001,14.340708968158872,10.183109569161134,33.12230000000002,0.5526315789473685
Bundesliga,2014,1,Bayern Munich,34,80,18,79,66.20574520000001,21.9387286,5.7614758836951,25.022717234327683,73.61159999999998,2.323529411764706
Bundesliga,2014,2,Wolfsburg,34,72,38,69,58.347731,38.822021000000014,9.13631936895739,10.289876040555049,59.9509,2.0294117647058822
Bundesliga,2014,3,Borussia M.Gladbach,34,53,26,66,51.74157190000001,36.343299,12.751107875771773,12.783803136490745,57.00779999999999,1.9411764705882353
Bundesliga,2014,4,Bayer Leverkusen,34,62,37,61,49.155698999999984,34.720386000000005,5.693288707933904,7.347595314513396,55.33959999999999,1.7941176470588236
Bundesliga,2014,5,Augsburg,34,43,43,49,43.911698,46.659608,7.625899886027387,10.402359973618788,45.496,1.4411764705882353
Bundesliga,2014,6,Schalke 04,34,42,40,48,41.25891579999998,46.961703,9.746071669337567,9.689741879912727,45.0723,1.411764705882353
Bundesliga,2014,7,Borussia Dortmund,34,47,42,46,53.863501,33.3963487,7.622450445684757,12.6559743877135,58.0847,1.3529411764705883
Bundesliga,2014,8,Hoffenheim,34,49,55,44,49.963057,49.99786199999999,7.030917729693938,8.808023630694004,46.03119999999999,1.2941176470588236
Bundesliga,2014,9,Werder Bremen,34,50,65,43,42.673755,52.3792689,9.028959986050252,5.9829699640699845,39.3774,1.2647058823529411
Bundesliga,2014,10,Eintracht Frankfurt,34,56,62,43,47.36971650000002,55.039228,8.22241461869894,7.948487840765021,41.715,1.2647058823529411
Bundesliga,2014,11,FC Cologne,34,34,40,40,32.224092,40.519773999999984,18.076290506348496,9.735606569605444,41.8221,1.1764705882352942
Bundesliga,2014,12,Mainz 05,34,45,47,40,43.912293000000005,48.10898,10.26083434463899,8.519456535546915,44.928,1.1764705882352942
Bundesliga,2014,13,Hannover 96,34,40,56,37,36.429044,46.284096,10.85471880199048,9.148241890408237,41.2505,1.088235294117647
Bundesliga,2014,14,VfB Stuttgart,34,42,60,36,45.639776,48.09999220000002,10.032086009031053,9.610371741570413,44.2593,1.0588235294117647
Bundesliga,2014,15,Hamburger SV,34,25,50,35,32.859179000000005,55.829407,8.40563758863915,7.317976731944661,33.5677,1.0294117647058822
Bundesliga,2014,16,Hertha Berlin,34,36,52,35,32.65643190000001,46.198192500000005,11.58538937468333,6.815630553897546,36.10520000000001,1.0294117647058822
Bundesliga,2014,17,Freiburg,34,36,47,34,38.6880206,45.91067699999999,13.47694860201456,8.307599284306656,43.02140000000001,1.0
Bundesliga,2014,18,Paderborn,34,31,65,31,36.079765,55.77042,11.71960790283736,6.6439865920936585,36.1625,0.9117647058823529
Bundesliga,2015,1,Bayern Munich,34,80,17,88,77.04149699999999,20.7943774,6.563204860159041,23.119248575337444,77.96849999999999,2.588235294117647
Bundesliga,2015,2,Borussia Dortmund,34,82,34,78,83.41023800000002,29.177493100000003,7.698881525654754,18.386425349878408,76.5776,2.2941176470588234
Bundesliga,2015,3,Bayer Leverkusen,34,56,40,60,52.90786900000001,41.2358206,6.165958339644739,8.52166244061262,56.6645,1.7647058823529411
Bundesliga,2015,4,Borussia M.Gladbach,34,67,50,55,53.668954,49.0692208,8.310616036010481,11.97225577364158,50.0596,1.6176470588235294
Bundesliga,2015,5,Schalke 04,34,51,49,52,47.129821,47.88331989999999,9.777486732810322,10.32518994049508,45.6242,1.5294117647058822
Bundesliga,2015,6,Mainz 05,34,46,42,50,47.914203000000015,47.268916,9.405914423665628,8.292618936319146,46.666100000000014,1.4705882352941178
Bundesliga,2015,7,Hertha Berlin,34,42,42,50,35.895022,43.94092599999999,13.359182816591154,10.428040443812073,44.15979999999999,1.4705882352941178
Bundesliga,2015,8,Wolfsburg,34,47,49,45,49.489405000000005,41.618975,10.501648122098596,13.29592171496149,52.38249999999999,1.3235294117647058
Bundesliga,2015,9,FC Cologne,34,38,42,43,42.872219,44.42884599999999,17.18807789533395,10.080804935500463,46.62730000000001,1.2647058823529411
Bundesliga,2015,10,Hamburger SV,34,40,46,41,38.753566000000006,51.185749,8.95887011521937,7.937922783450614,38.6157,1.2058823529411764
Bundesliga,2015,11,Ingolstadt,34,33,42,40,41.0237291,45.819034,7.445723537417102,6.72493037241004,42.92919999999999,1.1764705882352942
Bundesliga,2015,12,Darmstadt,34,38,53,38,39.0313309,51.061428000000014,13.039857723178285,4.394457794857665,39.47309999999999,1.1176470588235294
Bundesliga,2015,13,Werder Bremen,34,50,65,38,50.12382140000001,51.800028000000005,10.17823886774578,6.263669276358435,47.7631,1.1176470588235294
Bundesliga,2015,14,Augsburg,34,42,52,38,42.390457000000005,55.653333,10.919008369773302,9.70521023853808,41.17680000000001,1.1176470588235294
Bundesliga,2015,15,Hoffenheim,34,39,54,37,39.554448,60.40555600000001,10.216986862050062,9.230357901505236,36.1666,1.088235294117647
Bundesliga,2015,16,Eintracht Frankfurt,34,34,52,36,32.9494858,54.31038599999999,11.853060985920076,8.788883883373755,33.5309,1.0588235294117647
Bundesliga,2015,17,VfB Stuttgart,34,50,75,33,57.699662,65.055421,9.745846515292328,9.086825889580426,45.4759,0.9705882352941176
Bundesliga,2015,18,Hannover 96,34,31,62,25,32.4291916,63.57609000000001,13.6245418277933,8.398679305725716,26.4627,0.7352941176470589
Bundesliga,2016,1,Bayern Munich,34,89,22,82,73.908589,27.042341,6.467687757640242,21.219964094030345,73.76219999999999,2.411764705882353
Bundesliga,2016,2,RasenBallsport Leipzig,34,66,39,67,55.0917263,40.063822,7.325248821705507,9.438418607899903,59.53699999999999,1.9705882352941178
Bundesliga,2016,3,Borussia Dortmund,34,72,40,64,74.908462,34.60547830000001,7.852328112641171,13.933248506412426,68.05699999999999,1.8823529411764706
Bundesliga,2016,4,Hoffenheim,34,64,37,62,54.503884,41.442142,9.419683779226414,11.5342576141106,55.44290000000001,1.8235294117647058
Bundesliga,2016,5,Hertha Berlin,34,43,47,49,38.150167,49.38726700000002,11.780293269051718,11.480841554656866,40.40470000000001,1.4411764705882353
Bundesliga,2016,6,FC Cologne,34,51,42,49,45.33552399999999,41.274053,12.653170458887526,8.410501569013014,48.75380000000001,1.4411764705882353
Bundesliga,2016,7,Freiburg,34,42,60,48,39.41105,54.620834,13.263204901609454,9.6668095924269,39.138100000000016,1.411764705882353
Bundesliga,2016,8,Werder Bremen,34,61,64,45,42.99272,60.546285000000005,13.044259385183484,7.620510598785328,38.82170000000001,1.3235294117647058
Bundesliga,2016,9,Borussia M.Gladbach,34,45,49,45,45.82175500000001,44.43866599999999,11.283653801335864,12.481378067136342,47.3139,1.3235294117647058
Bundesliga,2016,10,Schalke 04,34,45,40,43,44.857644,43.870803,9.253571015098236,10.940175942132932,46.36529999999999,1.2647058823529411
Bundesliga,2016,11,Eintracht Frankfurt,34,36,43,42,43.59054099999999,38.332900000000016,8.079183165759172,10.2841845284244,50.6843,1.2352941176470589
Bundesliga,2016,12,Bayer Leverkusen,34,53,55,41,53.104216,50.380264,8.118763344438092,9.692457441748337,49.6337,1.2058823529411764
Bundesliga,2016,13,Augsburg,34,35,51,38,33.88274999999999,52.261885,11.783889089843663,8.127520443504764,34.80509999999999,1.1176470588235294
Bundesliga,2016,14,Hamburger SV,34,33,61,38,31.914013,57.140191,9.26465885661896,6.278069029794092,31.5102,1.1176470588235294
Bundesliga,2016,15,Mainz 05,34,44,55,37,42.36353,43.231438,8.978062600508746,7.412323811428691,46.4748,1.088235294117647
Bundesliga,2016,16,Wolfsburg,34,34,52,37,44.465999,46.85182900000001,12.42098010814292,10.940054561506717,46.379,1.088235294117647
Bundesliga,2016,17,Ingolstadt,34,36,57,32,44.510902000000016,49.189039,8.215791591426045,7.226474434645627,42.537000000000006,0.9411764705882353
Bundesliga,2016,18,Darmstadt,34,28,63,25,33.906823,68.041058,14.510748772645046,7.027988434104969,26.4719,0.7352941176470589
Bundesliga,2017,1,Bayern Munich,34,92,28,84,76.54890499999999,30.63783501,8.482018588084465,22.416086722169087,73.51970000000001,2.4705882352941178
Bundesliga,2017,2,Schalke 04,34,53,37,63,46.829516,39.4193487,9.815007985403682,9.419936218489813,51.69470000000001,1.8529411764705883
Bundesliga,2017,3,Bayer Leverkusen,34,58,44,55,56.98282599999999,36.921523,9.635306365632232,11.064621769666363,61.53849999999999,1.6176470588235294
Bundesliga,2017,4,Hoffenheim,34,66,48,55,50.71606,45.195158,11.712857246548197,11.589915240816948,49.85540000000001,1.6176470588235294
Bundesliga,2017,5,Borussia Dortmund,34,64,47,55,66.097937,40.855982,8.524170258204336,15.41599850769082,63.15569999999999,1.6176470588235294
Bundesliga,2017,6,RasenBallsport Leipzig,34,57,53,53,51.422302000000016,47.422263,8.640599019390994,9.876323803943286,48.4744,1.5588235294117647
Bundesliga,2017,7,VfB Stuttgart,34,36,36,51,37.912172,39.35057299999999,12.531421540324896,11.2866314998982,46.6683,1.5
Bundesliga,2017,8,Eintracht Frankfurt,34,45,45,49,41.059284,40.90861200000001,9.628260788595746,10.06902952794825,47.19269999999998,1.4411764705882353
Bundesliga,2017,9,Borussia M.Gladbach,34,47,52,47,51.247335,52.08875200000001,12.05473187718202,12.08167056322067,48.93039999999999,1.3823529411764706
Bundesliga,2017,10,Hertha Berlin,34,43,46,43,38.575184500000006,44.714015,12.663579309677829,10.4250071601872,41.8905,1.2647058823529411
Bundesliga,2017,11,Werder Bremen,34,37,40,42,38.50837,43.465298,12.121320787938052,10.278130960859835,42.6959,1.2352941176470589
Bundesliga,2017,12,Augsburg,34,43,46,41,42.262212000000005,40.81558,10.59827670498442,9.517158533155314,45.89750000000001,1.2058823529411764
Bundesliga,2017,13,Hannover 96,34,44,54,39,41.21836900000001,54.36270800000001,11.094258493844292,8.561662271706677,39.58369999999999,1.1470588235294117
Bundesliga,2017,14,Mainz 05,34,38,52,36,31.64673,45.17964200000001,10.78146320483375,7.893671691508704,37.9186,1.0588235294117647
Bundesliga,2017,15,Freiburg,34,32,56,36,36.982345,45.660265,13.677984209734351,9.28863191266408,40.8203,1.0588235294117647
Bundesliga,2017,16,Wolfsburg,34,36,48,33,32.1054943,49.430159,14.01968202634704,10.214229415104295,34.7997,0.9705882352941176
Bundesliga,2017,17,Hamburger SV,34,29,53,31,36.039135210000005,54.05785129999999,9.74350394210997,8.159852639939082,38.5863,0.9117647058823529
Bundesliga,2017,18,FC Cologne,34,35,70,22,41.500611000000006,67.16922300000002,12.323152280277489,10.489036190145132,32.18299999999999,0.6470588235294118
Bundesliga,2018,1,Bayern Munich,34,88,32,78,92.24085700000002,27.4123437,8.642572553455787,30.236540574321232,82.00300000000001,2.2941176470588234
Bundesliga,2018,2,Borussia Dortmund,34,81,44,76,64.99440200000001,42.875457,14.560877751347856,15.57433156498908,62.854000000000006,2.235294117647059
Bundesliga,2018,3,RasenBallsport Leipzig,34,63,29,66,68.24640599999998,39.653422000000006,10.663369039353787,10.54746878770609,63.056700000000006,1.9411764705882353
Bundesliga,2018,4,Bayer Leverkusen,34,69,52,58,61.48967199999999,45.71042799999999,10.264005618192169,15.042458978643568,57.402,1.7058823529411764
Bundesliga,2018,5,Borussia M.Gladbach,34,55,42,55,54.92618900000001,52.86834499999999,16.613169983090764,18.875893984673272,51.3782,1.6176470588235294
Bundesliga,2018,6,Wolfsburg,34,62,50,55,49.49094099999999,49.835679000000006,10.774149849533998,13.034452582184931,47.03530000000001,1.6176470588235294
Bundesliga,2018,7,Eintracht Frankfurt,34,60,48,54,61.84249300000001,51.017874,11.38740030275643,10.680012207908398,54.37570000000001,1.588235294117647
Bundesliga,2018,8,Werder Bremen,34,58,49,53,49.360429,56.70904,11.856144790011268,15.16784381961853,44.36279999999999,1.5588235294117647
Bundesliga,2018,9,Hoffenheim,34,70,52,51,79.954644,53.288005,9.062837225379196,13.833265466365471,62.95599999999999,1.5
Bundesliga,2018,10,Fortuna Duesseldorf,34,49,65,44,49.474933,63.06352,17.284161963000383,10.344535979810232,39.2058,1.2941176470588236
Bundesliga,2018,11,Hertha Berlin,34,49,57,43,50.520192,61.58314800000001,12.126609539600524,12.111640071398451,41.9502,1.2647058823529411
Bundesliga,2018,12,Mainz 05,34,46,57,43,49.214245000000005,62.80341099999998,14.183304967594417,10.580645158882351,39.3397,1.2647058823529411
Bundesliga,2018,13,Freiburg,34,46,61,36,41.225196,61.42939199999999,14.873624937246412,11.06321229552573,35.6689,1.0588235294117647
Bundesliga,2018,14,Schalke 04,34,37,55,33,46.618307,51.93916300000001,11.942048325079872,8.96341887316962,44.15759999999999,0.9705882352941176
Bundesliga,2018,15,Augsburg,34,51,71,32,47.443577000000005,63.79156999999999,11.91881708253246,11.325131883623335,37.0815,0.9411764705882353
Bundesliga,2018,16,VfB Stuttgart,34,32,70,28,37.3775347,62.69824799999999,14.468857258758288,10.838292902221315,31.9873,0.8235294117647058
Bundesliga,2018,17,Hannover 96,34,31,71,21,34.808797,73.12036599999999,18.07376549161944,9.462546960460609,25.2055,0.6176470588235294
Bundesliga,2018,18,Nuernberg,34,26,68,19,35.37174299999999,54.801146,20.304274836579378,11.318299423630194,35.1158,0.5588235294117647
Bundesliga,2019,1,Bayern Munich,34,100,32,82,92.85156200000004,36.471658,8.064507720532765,21.02012425077363,77.32570000000001,2.411764705882353
Bundesliga,2019,2,Borussia Dortmund,34,84,41,69,64.26166400000001,42.02471419999999,12.121839255566243,18.710656277077057,62.48270000000001,2.0294117647058822
Bundesliga,2019,3,RasenBallsport Leipzig,34,81,37,66,76.12656299999999,37.584974,10.691325392453027,14.923453702702018,68.70670000000001,1.9411764705882353
Bundesliga,2019,4,Borussia M.Gladbach,34,66,40,65,73.58177,46.05345600000001,11.758087477113222,12.367936759640438,62.63149999999999,1.911764705882353
Bundesliga,2019,5,Bayer Leverkusen,34,61,44,63,61.88430599999998,49.678883,7.916516873653355,15.849618595392752,54.6178,1.8529411764705883
Bundesliga,2019,6,Hoffenheim,34,53,53,52,56.660719,58.75115999999999,13.01399165870057,13.912956199242227,45.87489999999999,1.5294117647058822
Bundesliga,2019,7,Wolfsburg,34,48,46,49,54.433489,41.90652999999999,10.050284103478017,9.985282502000796,55.6943,1.4411764705882353
Bundesliga,2019,8,Freiburg,34,48,47,48,46.140809,63.37073699999999,15.682417486044065,12.035508800345896,39.1515,1.411764705882353
Bundesliga,2019,9,Eintracht Frankfurt,34,59,60,45,58.33356520000002,50.926053,10.365416662123238,13.252926289865997,52.72250000000001,1.3235294117647058
Bundesliga,2019,10,Hertha Berlin,34,48,59,41,44.29870600000001,55.577931999999976,14.62921271455549,12.29054491076606,39.5544,1.2058823529411764
Bundesliga,2019,11,Union Berlin,34,41,58,41,41.577336,54.941872,12.870872976691366,9.58394249486937,39.32470000000001,1.2058823529411764
Bundesliga,2019,12,Schalke 04,34,38,58,39,35.926041000000005,54.22276,10.874584939221258,10.072686658870436,35.8382,1.1470588235294117
Bundesliga,2019,13,Mainz 05,34,44,65,37,46.18970199999999,62.89802399999999,13.313748612701303,8.883933056026663,39.15,1.088235294117647
Bundesliga,2019,14,Augsburg,34,45,63,36,43.85644999999999,59.11934200000001,16.804007523718226,8.402156690985596,39.7766,1.0588235294117647
Bundesliga,2019,15,FC Cologne,34,51,69,36,49.277536000000005,54.54433400000001,11.448608073363696,10.410441149969085,43.89029999999999,1.0588235294117647
Bundesliga,2019,16,Werder Bremen,34,42,69,31,37.73813700000001,56.939854,12.85206637676376,11.041742680336466,35.11849999999999,0.9117647058823529
Bundesliga,2019,17,Fortuna Duesseldorf,34,36,67,30,35.69057,64.448134,16.81042865268309,11.745077913444373,32.8686,0.8823529411764706
Bundesliga,2019,18,Paderborn,34,37,74,20,38.46536,67.83386800000001,14.440759022097216,9.21968658915103,28.671100000000003,0.5882352941176471
Serie_A,2014,1,Juventus,38,72,24,87,59.077044,29.1296338,8.7150081046635,13.017562914250965,74.78899999999999,2.289473684210526
Serie_A,2014,2,Roma,38,54,31,70,50.85366200000001,36.787303,7.874104958573069,13.878386586129798,62.164100000000005,1.8421052631578947
Serie_A,2014,3,Lazio,38,71,38,69,61.996225,35.871453200000005,7.2826351506046,11.223854818645256,67.79050000000001,1.8157894736842106
Serie_A,2014,4,Fiorentina,38,61,46,64,60.67059499999999,48.502489,7.757887792850762,12.457943089073767,61.11280000000001,1.6842105263157894
Serie_A,2014,5,Napoli,38,70,54,63,64.49538,34.37350100000001,8.836459552417248,13.31287541756252,70.7221,1.6578947368421053
Serie_A,2014,6,Genoa,38,62,47,59,57.321604,60.37169,8.157665555571208,7.375791448035461,50.553500000000014,1.5526315789473684
Serie_A,2014,7,Sampdoria,38,48,42,56,47.58525919999998,48.37017300000001,8.81956395194474,8.672494175134991,52.84649999999999,1.4736842105263157
Serie_A,2014,8,Inter,38,59,48,55,57.168296000000005,44.321354,6.444858083453585,13.7450157694437,60.79549999999999,1.4473684210526316
Serie_A,2014,9,Torino,38,48,45,54,51.778812,42.689975,13.90466896920119,9.980621098931715,56.9478,1.4210526315789473
Serie_A,2014,10,AC Milan,38,56,50,52,47.072551,53.99087000000001,10.174636527270584,9.977120981623903,48.331700000000026,1.368421052631579
Serie_A,2014,11,Palermo,38,53,55,49,54.97283399999998,44.0141317,10.198460100926084,8.922919135197757,58.6772,1.2894736842105263
Serie_A,2014,12,Sassuolo,38,49,57,49,42.9145437,55.185098,9.16240135759207,8.200794189553001,44.0973,1.2894736842105263
Serie_A,2014,13,Verona,38,49,65,46,46.883277,63.409394000000006,12.712678476373256,8.252582459456116,41.9735,1.2105263157894737
Serie_A,2014,14,Chievo,38,28,41,43,33.013623,48.985331,10.139687089062235,6.794036856172734,41.4148,1.131578947368421
Serie_A,2014,15,Empoli,38,46,52,42,49.662924,43.422374000000005,9.221540062531163,9.5528374563833,56.94010000000001,1.105263157894737
Serie_A,2014,16,Udinese,38,43,56,41,34.858852,54.753850999999976,12.72583554978138,8.317547451164094,37.4596,1.0789473684210527
Serie_A,2014,17,Atalanta,38,38,57,37,40.93720600000001,59.400306,10.241281631722387,7.768375111731407,39.263200000000005,0.9736842105263158
Serie_A,2014,18,Cagliari,38,48,68,34,53.916897,54.166985,10.423377094205575,8.591547673331668,53.0495,0.8947368421052632
Serie_A,2014,19,Parma,38,33,75,26,31.765945,60.73810499999999,13.86127028727391,9.676831208698934,31.518400000000007,0.6842105263157895
Serie_A,2014,20,Cesena,38,36,73,24,34.618038799999994,63.079551,11.66108476858419,8.595967224081656,34.7524,0.631578947368421
Serie_A,2015,1,Juventus,38,75,20,91,62.98964899999999,22.998835,8.91936331533308,10.944932426499768,78.74340000000002,2.3947368421052633
Serie_A,2015,2,Napoli,38,80,32,82,69.52683,26.6858098,8.067018105467938,16.60372278860702,79.06689999999999,2.1578947368421053
Serie_A,2015,3,Roma,38,83,41,80,64.42869900000001,39.793531,8.229733511347115,13.486776937034085,69.85099999999998,2.1052631578947367
Serie_A,2015,4,Inter,38,50,38,67,54.29583899999999,44.25022530000002,9.589484058287912,10.851686381094796,58.84150000000001,1.763157894736842
Serie_A,2015,5,Fiorentina,38,60,42,64,53.193085,36.21722189999999,6.820672781987328,12.354877705537069,63.30559999999999,1.6842105263157894
Serie_A,2015,6,Sassuolo,38,49,40,61,47.322888000000006,42.931726,7.886056971802379,8.15148526747286,53.615000000000016,1.605263157894737
Serie_A,2015,7,AC Milan,38,49,43,57,53.906377000000006,40.909083,7.822838896786889,9.279708461709044,60.2906,1.5
Serie_A,2015,8,Lazio,38,52,52,54,55.20889699999999,43.57519199999999,7.765106707470472,10.185990959540607,59.993200000000016,1.4210526315789473
Serie_A,2015,9,Chievo,38,43,45,50,40.58988699999999,51.087573,9.77327958076381,9.68954576804088,45.90559999999999,1.3157894736842106
Serie_A,2015,10,Genoa,38,45,48,46,45.28575829999999,48.62991399999999,8.545101283042674,7.738759717423492,48.634400000000014,1.2105263157894737
Serie_A,2015,11,Empoli,38,40,49,46,37.838529,47.51194999999999,8.394617537600846,8.50945229231146,44.40950000000001,1.2105263157894737
Serie_A,2015,12,Atalanta,38,41,47,45,46.076171,51.409722,8.498916177490594,8.486413554619078,49.4234,1.1842105263157894
Serie_A,2015,13,Torino,38,52,55,45,49.419914000000006,41.29218000000001,11.519641367896652,9.729253674649598,57.5164,1.1842105263157894
Serie_A,2015,14,Bologna,38,33,45,42,35.47868700000001,51.84152299999999,11.045819506603834,9.108502547991586,41.53510000000001,1.105263157894737
Serie_A,2015,15,Sampdoria,38,48,61,40,40.525432,66.193223,10.37229833597954,9.064594649722718,36.56250000000001,1.0526315789473684
Serie_A,2015,16,Palermo,38,38,65,39,36.54812399999999,61.843031,11.954505852792431,6.673317599122888,35.26270000000001,1.0263157894736843
Serie_A,2015,17,Udinese,38,35,60,39,46.309879,51.423825,11.857442525380122,8.03994092057326,48.72689999999999,1.0263157894736843
Serie_A,2015,18,Carpi,38,37,57,38,43.37300779999999,51.79659499999999,11.50154060020045,6.250194416470023,45.1928,1.0
Serie_A,2015,19,Frosinone,38,35,76,31,33.84341899999999,74.23394400000001,9.212314243440044,5.757819794023845,29.3813,0.8157894736842105
Serie_A,2015,20,Verona,38,34,63,28,40.1720139,61.707982,11.321208614388564,8.189984111618598,38.8719,0.7368421052631579
Serie_A,2016,1,Juventus,38,77,27,91,68.736204,23.5971261,9.497837840157576,13.003988643664256,82.86330000000001,2.3947368421052633
Serie_A,2016,2,Roma,38,90,38,87,82.99652500000002,41.07572,8.92483537860806,13.625250801895582,77.39059999999998,2.289473684210526
Serie_A,2016,3,Napoli,38,94,39,86,77.51204599999997,32.160715,10.275383416261326,21.259331174509907,81.2775,2.263157894736842
Serie_A,2016,4,Atalanta,38,62,41,72,61.393222,34.34998199999999,9.714026088344786,10.100492955822531,68.9221,1.894736842105263
Serie_A,2016,5,Lazio,38,74,51,70,65.38642399999999,41.766694,9.8001068208968,12.178812146765802,67.36349999999999,1.8421052631578947
Serie_A,2016,6,AC Milan,38,57,45,63,59.67272199999999,50.206752,9.471376671872072,12.065183815224644,58.87670000000001,1.6578947368421053
Serie_A,2016,7,Inter,38,72,49,62,68.760473,44.775497,8.057059638691765,12.188575893237289,67.65110000000001,1.631578947368421
Serie_A,2016,8,Fiorentina,38,63,57,60,55.137755,53.30412899999999,8.74195284772315,13.689308284087762,55.614700000000006,1.5789473684210527
Serie_A,2016,9,Torino,38,71,66,53,57.396987,61.71546100000002,9.37912124399292,11.003839370328675,48.75099999999999,1.394736842105263
Serie_A,2016,10,Sassuolo,38,60,61,49,50.56918,61.904521,10.710245087534012,8.482836525860732,44.5622,1.2894736842105263
Serie_A,2016,11,Sampdoria,38,49,55,48,46.17491999999999,56.856517,8.897629341391792,11.526173685825343,46.61999999999999,1.263157894736842
Serie_A,2016,12,Cagliari,38,55,76,47,42.4249501,68.31559,12.713377925673926,8.242377751519005,36.1688,1.236842105263158
Serie_A,2016,13,Udinese,38,47,56,45,44.93708,54.66102599999999,15.964506640132266,8.300475761775573,47.2225,1.1842105263157894
Serie_A,2016,14,Chievo,38,43,61,43,42.739706,55.00594400000001,12.937535874018472,10.170138801544544,45.8835,1.131578947368421
Serie_A,2016,15,Bologna,38,40,58,41,36.51112099999999,58.30282830000001,12.31054658106078,10.38452935933406,38.573,1.0789473684210527
Serie_A,2016,16,Genoa,38,38,64,36,45.19648500000001,51.24922130000001,10.944752190981433,10.335232035259772,48.996500000000005,0.9473684210526315
Serie_A,2016,17,Crotone,38,34,58,34,34.168615,61.229476,14.572564222850614,6.913491558889663,33.941599999999994,0.8947368421052632
Serie_A,2016,18,Empoli,38,29,61,32,35.0911016,67.014983,10.26942650025562,8.672303563198952,33.290000000000006,0.8421052631578947
Serie_A,2016,19,Palermo,38,33,77,26,28.915261,60.94130400000001,14.492819162970036,9.045939533105804,30.5223,0.6842105263157895
Serie_A,2016,20,Pescara,38,35,83,15,43.122026,68.40931699999999,12.310839389623531,8.797661201191033,38.0475,0.39473684210526316
Serie_A,2017,1,Juventus,38,86,24,95,59.228735,28.5773573,11.53403221013978,15.573204496158086,73.5058,2.5
Serie_A,2017,2,Napoli,38,77,29,91,70.45362529999998,25.2661629,9.888521338139148,26.967791819482343,82.23240000000001,2.3947368421052633
Serie_A,2017,3,Roma,38,61,28,77,65.626284,38.46324600000001,9.044311925478082,14.654917217960934,69.2438,2.026315789473684
Serie_A,2017,4,Inter,38,66,30,72,60.834829000000006,37.332309,10.530280126849808,15.677608215347652,65.25389999999999,1.894736842105263
Serie_A,2017,5,Lazio,38,89,49,72,66.506443,42.568795,12.115472674823922,12.723401454603229,66.0488,1.894736842105263
Serie_A,2017,6,AC Milan,38,56,42,64,50.87564199999999,36.778873,11.73663158759138,16.52092713186096,62.34580000000001,1.6842105263157894
Serie_A,2017,7,Atalanta,38,57,39,60,64.29462299999999,36.504537,9.078096280069458,11.953860600059112,69.876,1.5789473684210527
Serie_A,2017,8,Fiorentina,38,54,46,57,54.119047,42.1494403,9.091661539621748,13.29575547691113,60.40779999999999,1.5
Serie_A,2017,9,Sampdoria,38,56,60,54,53.1392869,62.25928599999999,10.484228033695498,13.621362761230644,46.866600000000005,1.4210526315789473
Serie_A,2017,10,Torino,38,54,46,54,46.59212399999999,49.1131487,10.178812123634971,10.1915032584996,51.84270000000001,1.4210526315789473
Serie_A,2017,11,Sassuolo,38,29,59,43,47.148854,50.633577900000006,12.840124199932914,8.488107888777348,51.69940000000002,1.131578947368421
Serie_A,2017,12,Genoa,38,33,43,41,42.2084412,42.87156100000001,16.089565862198167,10.708544680565812,50.3793,1.0789473684210527
Serie_A,2017,13,Udinese,38,48,63,40,45.195238,50.712865,13.483404183026307,10.383699507622811,47.34499999999999,1.0526315789473684
Serie_A,2017,14,Chievo,38,36,59,40,34.42060170000001,55.280885,14.188015737687484,11.254856652920418,38.663800000000016,1.0526315789473684
Serie_A,2017,15,Bologna,38,40,52,39,36.11303,48.798334,14.511054492224504,10.25519420239667,43.008500000000005,1.0263157894736843
Serie_A,2017,16,Cagliari,38,33,61,39,38.27256,57.912604,13.1374118235214,10.27893421074122,40.4059,1.0263157894736843
Serie_A,2017,17,SPAL 2013,38,39,59,38,34.6135,60.17533100000001,15.139710644846147,8.961836267621367,35.40950000000001,1.0
Serie_A,2017,18,Crotone,38,40,66,35,33.2399123,59.43262,14.284767028761769,8.071358270720191,35.435,0.9210526315789473
Serie_A,2017,19,Verona,38,30,78,25,33.76321170000001,72.70962,14.788666409276198,8.863356917763047,31.0631,0.6578947368421053
Serie_A,2017,20,Benevento,38,33,84,21,38.209353,77.314788,15.738586035390025,9.437133225666129,30.091800000000006,0.5526315789473685
Serie_A,2018,1,Juventus,38,70,30,90,64.52717999999999,35.032053100000006,10.160174461892913,13.964740610341346,70.92990000000002,2.3684210526315788
Serie_A,2018,2,Napoli,38,74,36,79,68.237943,36.50233649999999,10.724236356146054,18.070187315701816,74.4511,2.0789473684210527
Serie_A,2018,3,Atalanta,38,77,46,69,74.42529300000001,41.849468,8.926904684413559,13.724031476548811,71.88260000000001,1.8157894736842106
Serie_A,2018,4,Inter,38,57,33,69,66.47384799999999,38.401341,9.183001992827656,17.12403833156835,71.74619999999999,1.8157894736842106
Serie_A,2018,5,AC Milan,38,55,36,68,52.16481300000001,41.70170099999999,11.936967300692883,14.05629057453722,60.1064,1.7894736842105263
Serie_A,2018,6,Roma,38,66,48,66,68.394175,52.793821000000015,13.657052678286998,13.705715562099586,62.1298,1.736842105263158
Serie_A,2018,7,Torino,38,52,37,63,46.471205000000005,48.94320499999999,7.604060630869537,8.572115784590984,49.8381,1.6578947368421053
Serie_A,2018,8,Lazio,38,56,46,59,61.265079,46.445482000000005,11.669451189630829,13.172013275267307,61.0383,1.5526315789473684
Serie_A,2018,9,Sampdoria,38,60,51,53,53.194756,54.27488199999999,9.506282647281555,12.864331295295298,50.948200000000014,1.394736842105263
Serie_A,2018,10,Bologna,38,48,56,44,48.100653,51.05562200000001,13.432920082398624,9.090118792411564,48.953500000000005,1.1578947368421053
Serie_A,2018,11,Sassuolo,38,53,60,43,49.75482300000001,61.107331000000016,11.569352101445402,11.226541331411864,45.63980000000001,1.131578947368421
Serie_A,2018,12,Udinese,38,39,53,43,42.48628299999999,62.23432600000002,14.520379095856688,8.258603130964934,38.66579999999999,1.131578947368421
Serie_A,2018,13,SPAL 2013,38,44,56,42,43.28407000000001,54.011208,12.367779236372224,10.449170340038398,44.734,1.105263157894737
Serie_A,2018,14,Fiorentina,38,47,45,41,54.123063,44.0784088,9.725814176769411,10.542368629965592,59.21800000000001,1.0789473684210527
Serie_A,2018,15,Cagliari,38,36,54,41,40.939495,63.74084,10.48832488447744,12.999506442603384,39.3664,1.0789473684210527
Serie_A,2018,16,Parma Calcio 1913,38,41,61,41,41.0986435,64.98114400000001,16.81957508538363,7.936237585238111,36.7845,1.0789473684210527
Serie_A,2018,17,Genoa,38,39,57,38,44.539067800000005,56.354305,12.171971027378422,9.15807988738573,44.68179999999999,1.0
Serie_A,2018,18,Empoli,38,51,70,38,52.061419,63.32737999999999,14.096073605930856,11.303252408069469,46.5398,1.0
Serie_A,2018,19,Frosinone,38,29,69,25,36.1032521,64.5936685,14.777898995615478,9.125747001085426,35.9425,0.6578947368421053
Serie_A,2018,20,Chievo,38,25,75,20,36.4763295,62.692868,13.518123249549012,11.513253708093975,35.00010000000001,0.5263157894736842
Serie_A,2019,1,Juventus,38,76,43,83,73.77452799999999,40.996703,9.041600045606431,15.61171237041326,71.23939999999999,2.1842105263157894
Serie_A,2019,2,Inter,38,81,36,82,73.95315099999999,39.357559,9.199277767707027,16.556413233181267,75.3771,2.1578947368421053
Serie_A,2019,3,Lazio,38,79,42,78,67.54901199999999,52.333139,13.290807435764496,13.495134208036458,62.18300000000001,2.0526315789473686
Serie_A,2019,4,Atalanta,38,98,48,78,86.17474399999996,41.72679,8.02085203600679,13.795979813838178,76.01250000000002,2.0526315789473686
Serie_A,2019,5,Roma,38,77,51,70,78.31580199999999,49.15022600000001,11.654481647521402,14.162294075589068,70.26170000000002,1.8421052631578947
Serie_A,2019,6,AC Milan,38,63,46,66,65.266741,46.415707,8.956627413171022,13.002845405520011,65.46650000000001,1.736842105263158
Serie_A,2019,7,Napoli,38,61,50,62,63.877947000000006,43.173080000000006,11.922602000869755,17.537663712438196,66.4911,1.631578947368421
Serie_A,2019,8,Sassuolo,37,69,62,51,52.42054,62.920497,10.16215036568967,12.522486271475646,45.59870000000001,1.3783783783783783
Serie_A,2019,9,Verona,37,47,48,49,51.50627899999999,53.05730799999999,9.33376795289614,11.061412354529082,48.89919999999999,1.3243243243243243
Serie_A,2019,10,Fiorentina,37,48,47,46,51.242789,49.434717,13.157459657915656,9.257951284990314,52.56909999999999,1.2432432432432432
Serie_A,2019,11,Bologna,37,51,64,46,56.076074,53.411872,8.046416533713256,10.544790898752789,51.703499999999984,1.2432432432432432
Serie_A,2019,12,Parma Calcio 1913,37,52,54,46,43.582502,61.49342199999999,13.67610726974072,8.774372586321004,39.873900000000006,1.2432432432432432
Serie_A,2019,13,Cagliari,38,52,56,45,41.923216,60.98321400000001,14.31166151663222,9.755232145168778,40.054,1.1842105263157894
Serie_A,2019,14,Sampdoria,38,48,65,42,48.91522600000002,56.214360000000006,12.973793863851194,9.99149795427111,49.71189999999999,1.105263157894737
Serie_A,2019,15,Udinese,37,36,51,42,41.539416,51.54266199999999,15.92106354869971,10.508876132021271,47.08540000000001,1.135135135135135
Serie_A,2019,16,Torino,37,45,67,39,42.023372,62.155568,9.299745171411423,8.487891019819354,37.58289999999999,1.054054054054054
Serie_A,2019,17,Genoa,37,44,73,36,48.993215,58.5271219,11.338278156977186,10.982853726648216,44.8129,0.972972972972973
Serie_A,2019,18,Lecce,37,49,81,35,50.83509800000001,88.432186,16.88482436897917,10.428721956176055,34.0802,0.9459459459459459
Serie_A,2019,19,Brescia,38,35,79,25,43.248823,78.38189999999999,14.789719874861747,7.180933172871471,33.13569999999999,0.6578947368421053
Serie_A,2019,20,SPAL 2013,37,26,74,20,38.2108859,69.721329,12.443110402682091,10.307763560275164,30.03760000000001,0.5405405405405406
Ligue_1,2014,1,Paris Saint Germain,38,83,36,83,78.41992999999998,28.240364100000004,7.13379441471891,16.841498904446127,84.10419999999999,2.1842105263157894
Ligue_1,2014,2,Lyon,38,72,33,75,62.85182900000001,41.708588,8.994295824555484,11.970014613940618,65.6192,1.9736842105263157
Ligue_1,2014,3,Monaco,38,51,26,71,56.60817599999999,37.61875170000001,8.338964369837457,10.394530185470243,64.8054,1.868421052631579
Ligue_1,2014,4,Marseille,38,76,42,69,60.63400000000001,36.40681609999999,6.34234440894973,8.526784746831241,66.51440000000001,1.8157894736842106
Ligue_1,2014,5,Saint-Etienne,38,51,30,69,46.493418,38.244494,9.445227098571172,11.27916945573355,58.69820000000001,1.8157894736842106
Ligue_1,2014,6,Bordeaux,38,47,44,63,48.21325600000001,43.08863,9.81108021638024,11.579723996909603,55.78530000000001,1.6578947368421053
Ligue_1,2014,7,Lille,38,43,42,56,40.917056,44.2154493,9.512659866883729,10.75754026731311,50.7832,1.4736842105263157
Ligue_1,2014,8,Montpellier,38,46,39,56,45.3891241,42.454658,9.04157051646187,6.414752594858847,52.7631,1.4736842105263157
Ligue_1,2014,9,Rennes,38,35,42,50,37.443142,38.92486399999999,12.777381612648906,12.662490917507483,49.5838,1.3157894736842106
Ligue_1,2014,10,Guingamp,38,41,55,49,37.85135269999999,45.120083000000015,12.71918505312942,7.071668788594002,47.4785,1.2894736842105263
Ligue_1,2014,11,Nice,38,44,53,48,45.1948945,48.00381000000001,8.02350457483467,7.487107256580521,50.4905,1.263157894736842
Ligue_1,2014,12,SC Bastia,38,37,46,47,30.25339,44.64250900000001,9.52974233629185,8.896307446968736,44.440900000000006,1.236842105263158
Ligue_1,2014,13,Caen,38,54,55,46,41.400288,59.072081999999966,12.36809198765339,7.297909013383903,40.9799,1.2105263157894737
Ligue_1,2014,14,Nantes,38,29,40,45,36.080293,39.62447050000001,10.257482815519282,9.632300701473875,49.1315,1.1842105263157894
Ligue_1,2014,15,Reims,38,47,66,44,43.448785,58.568456000000005,11.080865672606174,10.398169102084868,43.04089999999999,1.1578947368421053
Ligue_1,2014,16,Lorient,38,44,50,43,41.035511000000014,52.50460599999999,13.110553969818602,11.238167930723236,43.970400000000005,1.131578947368421
Ligue_1,2014,17,Toulouse,38,43,64,42,40.67293220000001,45.66661100000001,7.508604988798507,9.231288854872371,46.4203,1.105263157894737
Ligue_1,2014,18,Evian Thonon Gaillard,38,41,62,37,33.89784809999999,54.61410900000002,9.522563838297469,9.391400146204033,38.24299999999999,0.9736842105263158
Ligue_1,2014,19,Metz,38,31,61,30,37.5191001,48.69199,11.213567358951286,8.60349240895815,42.98909999999999,0.7894736842105263
Ligue_1,2014,20,Lens,38,32,61,29,38.410737000000005,55.323721,11.42868562175054,8.485849213804173,42.3589,0.7631578947368421
Ligue_1,2015,1,Paris Saint Germain,38,102,19,96,86.20095099999999,24.3654916,6.688799009443642,20.32503921436613,90.27479999999996,2.526315789473684
Ligue_1,2015,2,Lyon,38,67,43,65,63.00817100000002,38.008802,6.404365375105762,14.374665629058631,68.6877,1.7105263157894737
Ligue_1,2015,3,Monaco,38,57,50,65,58.128595,48.81241,9.014589011428406,9.595903431104894,59.3899,1.7105263157894737
Ligue_1,2015,4,Nice,38,58,41,63,45.23132199999999,47.707872,10.186318759958423,12.469680404824963,51.99029999999999,1.6578947368421053
Ligue_1,2015,5,Lille,38,39,27,60,41.69368160000001,35.79477759999999,8.244871011761632,9.352145704101275,55.97310000000001,1.5789473684210527
Ligue_1,2015,6,Saint-Etienne,38,42,37,58,45.463431000000014,44.65843639999999,8.168989413818833,12.143830028927502,53.6276,1.5263157894736843
Ligue_1,2015,7,Caen,38,39,52,54,43.900052,49.69084099999999,13.505886388984376,7.086915015382507,49.4787,1.4210526315789473
Ligue_1,2015,8,Rennes,38,52,54,52,42.905323,47.022605000000006,10.633879267791729,10.88119015368154,49.6253,1.368421052631579
Ligue_1,2015,9,Angers,38,40,38,50,36.583386,41.019194000000006,15.361199498835576,8.231313927127752,46.15190000000001,1.3157894736842106
Ligue_1,2015,10,Bordeaux,38,50,57,50,46.36235099999999,48.668373,9.479209633139442,9.187169732739328,51.482800000000005,1.3157894736842106
Ligue_1,2015,11,SC Bastia,38,36,42,50,29.513936500000003,48.357947,12.14660718805087,7.689613475860249,37.8255,1.3157894736842106
Ligue_1,2015,12,Montpellier,38,49,47,49,43.137234,44.332013,10.716142713082489,9.56426904494831,52.0782,1.2894736842105263
Ligue_1,2015,13,Nantes,38,33,44,48,36.40285599999999,42.441769999999984,9.908935151650631,10.740780715053566,48.8485,1.263157894736842
Ligue_1,2015,14,Marseille,38,48,42,48,48.888795,42.667824,7.913905627068923,11.006175455267798,55.4681,1.263157894736842
Ligue_1,2015,15,Lorient,38,47,58,46,42.31126400000001,52.310991,13.34616322560855,9.456295888012573,45.7553,1.2105263157894737
Ligue_1,2015,16,Guingamp,38,47,56,44,41.3497343,46.27463200000001,13.530417330404084,7.9998970202763715,48.86660000000001,1.1578947368421053
Ligue_1,2015,17,Toulouse,38,45,55,40,50.33195,39.8018285,9.749151895595976,7.584764850956355,59.15539999999999,1.0526315789473684
Ligue_1,2015,18,Reims,38,44,57,39,42.869502,52.91662699999999,10.55944378595682,9.843400181389622,46.1258,1.0263157894736843
Ligue_1,2015,19,GFC Ajaccio,38,37,58,37,32.52133639999999,45.257307700000005,10.82289262142483,10.479798474431094,41.964900000000014,0.9736842105263158
Ligue_1,2015,20,Troyes,38,28,83,18,36.589199,73.283328,12.09960857118378,10.468527132784311,28.851900000000008,0.47368421052631576
Ligue_1,2016,1,Monaco,38,107,31,95,76.03698,34.89362799999999,9.587802849671652,12.331291032397743,78.0559,2.5
Ligue_1,2016,2,Paris Saint Germain,38,83,27,87,82.16239900000002,24.247968,8.026454336163468,20.293990931161503,87.2195,2.289473684210526
Ligue_1,2016,3,Nice,38,63,36,78,51.536786000000006,50.886751,12.564325681762613,13.360493795579009,53.468500000000006,2.0526315789473686
Ligue_1,2016,4,Lyon,38,80,48,67,71.129286,41.027933,7.167148565099413,12.883241806256049,69.0714,1.763157894736842
Ligue_1,2016,5,Marseille,38,57,41,62,53.82831299999998,47.3250403,9.359948495260127,13.027878767751124,56.8396,1.631578947368421
Ligue_1,2016,6,Bordeaux,38,53,43,59,52.021644,44.113432,11.481892869421603,10.257461173401614,58.1551,1.5526315789473684
Ligue_1,2016,7,Nantes,38,40,54,51,42.985593,44.62324099999999,9.796819386960754,10.609986257771771,52.8282,1.3421052631578947
Ligue_1,2016,8,Rennes,38,36,42,50,41.805557,43.53614600000001,10.700722929997175,11.151829584307473,50.9436,1.3157894736842106
Ligue_1,2016,9,Saint-Etienne,38,41,42,50,42.91644,50.26189699999998,10.95611663496346,11.493838050560232,49.17760000000001,1.3157894736842106
Ligue_1,2016,10,Guingamp,38,46,53,50,47.13899029999999,52.3067465,11.435645927187233,10.733357381309602,48.48989999999999,1.3157894736842106
Ligue_1,2016,11,Lille,38,40,47,46,44.083999,48.77328200000001,10.891438795204198,10.162063459075249,47.23720000000001,1.2105263157894737
Ligue_1,2016,12,Angers,38,40,49,46,46.19438900000001,41.018348,14.204300090207925,11.383046126363691,54.68920000000001,1.2105263157894737
Ligue_1,2016,13,Toulouse,38,37,41,44,41.187499,42.977212,9.006858729886616,8.238747110832085,50.6114,1.1578947368421053
Ligue_1,2016,14,Metz,38,39,72,43,34.755631,63.67510000000001,13.810818115533651,8.963000479862243,35.99780000000001,1.131578947368421
Ligue_1,2016,15,Montpellier,38,48,66,39,44.19918600000001,52.025671,13.299070117134193,10.280862320591506,47.0302,1.0263157894736843
Ligue_1,2016,16,Caen,38,36,65,37,45.2790033,56.465537,12.01600490256665,9.448125821239202,45.49230000000001,0.9736842105263158
Ligue_1,2016,17,Dijon,38,46,58,37,38.590344,62.66109299999999,11.73466479257127,10.019324146458676,36.72990000000001,0.9736842105263158
Ligue_1,2016,18,Lorient,38,44,70,36,44.45624,51.87709700000003,12.98556690502335,13.274237776039842,46.8111,0.9473684210526315
Ligue_1,2016,19,Nancy,38,29,52,35,32.5770453,54.448139,11.106156054391311,9.643043728601324,39.44689999999999,0.9210526315789473
Ligue_1,2016,20,SC Bastia,38,29,57,34,32.2656326,58.0066957,14.485635489626334,7.061571919073051,36.8376,0.8947368421052632
Ligue_1,2017,1,Paris Saint Germain,38,108,29,93,89.92429600000003,32.0967107,8.232706922297405,17.294540802228283,84.6069,2.4473684210526314
Ligue_1,2017,2,Monaco,38,85,45,80,62.411927,45.271219299999984,8.29136459804585,11.636969214719306,65.1451,2.1052631578947367
Ligue_1,2017,3,Lyon,38,87,43,78,65.268696,37.091301,9.49164943655245,12.377064853042114,70.0355,2.0526315789473686
Ligue_1,2017,4,Marseille,38,80,47,77,82.19777900000001,41.16942,7.573049655475748,13.14399884428156,77.22269999999999,2.026315789473684
Ligue_1,2017,5,Rennes,38,50,44,58,46.97008999999999,49.14335199999999,10.167159122124003,12.02950164903019,52.96560000000001,1.5263157894736843
Ligue_1,2017,6,Bordeaux,38,53,48,55,52.55717400000001,41.377483000000005,10.443755002074008,10.602964825743138,58.9994,1.4473684210526316
Ligue_1,2017,7,Saint-Etienne,38,47,50,55,51.03485899999999,53.263987,11.299398993641828,11.835020333807067,51.584,1.4473684210526316
Ligue_1,2017,8,Nice,38,53,52,54,47.35776499999999,45.898210000000006,12.43212832950478,14.886840294790192,53.8804,1.4210526315789473
Ligue_1,2017,9,Nantes,38,36,41,52,39.80020199999999,36.25907,12.404868582457867,9.689028914696122,55.95160000000001,1.368421052631579
Ligue_1,2017,10,Montpellier,38,36,33,51,39.808785000000015,37.928823,13.286092688485928,9.96292239491983,52.93799999999999,1.3421052631578947
Ligue_1,2017,11,Dijon,38,55,73,48,40.025419,62.948365,11.807690796456871,10.082166647352349,38.61279999999999,1.263157894736842
Ligue_1,2017,12,Guingamp,38,48,59,47,41.858951700000006,50.512594,11.161191194581807,11.43275335148682,45.97120000000001,1.236842105263158
Ligue_1,2017,13,Amiens,38,37,42,45,31.465540500000007,51.69839,11.819090886948404,7.922172725886375,38.9401,1.1842105263157894
Ligue_1,2017,14,Angers,38,42,52,41,46.153114,45.19339869999999,14.410969153833287,9.891883871137544,52.38930000000001,1.0789473684210527
Ligue_1,2017,15,Lille,38,41,67,38,36.128315,59.365085,10.450617402258336,11.026827870844336,35.2558,1.0
Ligue_1,2017,16,Caen,38,27,52,38,41.174308,47.8258968,10.12137132589942,9.071026317106837,48.043400000000005,1.0
Ligue_1,2017,17,Strasbourg,38,44,67,38,43.272438,58.329383,10.13470580658331,9.76982246762356,43.7576,1.0
Ligue_1,2017,18,Toulouse,38,38,54,37,43.294816,54.4548334,9.999341506165978,9.056549184305608,47.20270000000001,0.9736842105263158
Ligue_1,2017,19,Troyes,38,32,59,33,37.12850040000001,52.471608,15.448843643329036,9.599934986420289,43.54580000000001,0.868421052631579
Ligue_1,2017,20,Metz,38,34,76,26,36.40051329999999,71.93435900000003,12.800795195488814,10.464800692783632,31.47950000000001,0.6842105263157895
Ligue_1,2018,1,Paris Saint Germain,38,105,35,91,95.34405999999998,36.7824048,7.785468251157264,18.94767199602274,86.0429,2.3947368421052633
Ligue_1,2018,2,Lille,38,68,33,75,60.00665599999999,39.84752999999999,11.97552977977904,11.29012705073049,67.0171,1.9736842105263157
Ligue_1,2018,3,Lyon,38,70,47,72,72.714092,44.705811200000014,8.60487065362764,14.678871439280837,69.48670000000001,1.894736842105263
Ligue_1,2018,4,Saint-Etienne,38,59,41,66,57.84906499999999,48.8085806,10.320699571123228,12.210006657558973,58.3746,1.736842105263158
Ligue_1,2018,5,Marseille,38,60,52,61,52.080527,44.589918,8.868161890871738,14.009418276039831,55.92750000000001,1.605263157894737
Ligue_1,2018,6,Montpellier,38,53,42,59,46.62067699999999,41.25642200000001,12.061848366779282,11.297010832104364,56.0964,1.5526315789473684
Ligue_1,2018,7,Nice,38,30,35,56,43.449513,49.732516,11.599403481410205,13.548910063787948,48.158400000000015,1.4736842105263157
Ligue_1,2018,8,Reims,38,39,42,55,37.119521,42.28275399999999,13.31111179063453,9.10899872963384,48.21990000000001,1.4473684210526316
Ligue_1,2018,9,Nimes,38,57,58,53,48.504984,55.471937,11.315547086499024,8.810480376444099,49.8976,1.394736842105263
Ligue_1,2018,10,Rennes,38,55,52,52,56.05117000000001,46.194150000000015,10.898668890260586,11.897952019372411,59.932300000000026,1.368421052631579
Ligue_1,2018,11,Strasbourg,38,58,48,49,40.58874,48.5063415,12.704171596230069,13.227018232715857,46.48069999999999,1.2894736842105263
Ligue_1,2018,12,Nantes,38,48,48,48,48.038438,47.296807,10.274389822448562,10.192764525093576,54.6208,1.263157894736842
Ligue_1,2018,13,Angers,38,44,49,46,47.496038,46.30528199999999,16.96153690455383,10.155006730004557,53.2052,1.2105263157894737
Ligue_1,2018,14,Bordeaux,38,34,42,41,37.2663785,52.186512,11.047981161545447,10.625571141056172,41.3669,1.0789473684210527
Ligue_1,2018,15,Toulouse,38,35,57,38,42.727796000000005,56.420711,12.262682312033183,9.976165159733805,43.9835,1.0
Ligue_1,2018,16,Amiens,38,31,52,38,34.630686000000004,46.755321,11.070733603426769,9.500525852298312,42.3446,1.0
Ligue_1,2018,17,Monaco,38,38,57,36,46.49481819999998,48.76286300000001,11.131900537625484,11.255752799968713,51.266800000000025,0.9473684210526315
Ligue_1,2018,18,Dijon,38,31,60,34,36.130932,57.61286199999999,11.05603292373914,10.94207669315166,37.4682,0.8947368421052632
Ligue_1,2018,19,Caen,38,29,54,33,26.9720973,61.086346,12.718814711010808,9.058018483121312,30.23909999999999,0.868421052631579
Ligue_1,2018,20,Guingamp,38,28,68,27,39.4550368,54.9361567,13.766611057392325,9.00381733402865,44.1193,0.7105263157894737
Ligue_1,2019,1,Paris Saint Germain,27,75,24,68,76.41905500000001,22.434996000000005,7.460972444976336,21.270464529529228,65.67940000000002,2.5185185185185186
Ligue_1,2019,2,Marseille,28,41,29,56,36.423225,32.046407,8.939989655741954,12.212359939881908,41.73190000000001,2.0
Ligue_1,2019,3,Rennes,28,38,24,50,34.368041000000005,28.150286000000005,11.062571983733571,10.64297151635166,41.176100000000005,1.7857142857142858
Ligue_1,2019,4,Lille,28,35,27,49,40.805435,30.169216,9.995763845159662,13.907878379078818,47.11880000000001,1.75
Ligue_1,2019,5,Nice,28,41,38,41,36.454345,42.69219799999999,11.966614967749637,13.116383953578447,35.61959999999999,1.4642857142857142
Ligue_1,2019,6,Reims,28,26,21,41,28.926852999999998,26.467583,12.46602209686978,11.198320780244606,40.4213,1.4642857142857142
Ligue_1,2019,7,Montpellier,28,35,34,40,34.949277,32.258608,11.3127304214305,10.763492915265676,40.055,1.4285714285714286
Ligue_1,2019,8,Monaco,28,44,44,40,48.55022999999999,41.05654,11.612507042758404,13.091675473430424,42.46609999999999,1.4285714285714286
Ligue_1,2019,9,Lyon,28,42,27,40,36.24371599999999,24.727822,10.387834462265143,15.595874550659536,46.3375,1.4285714285714286
Ligue_1,2019,10,Angers,28,28,33,39,27.104215999999997,28.148132,17.421286173548324,11.310597985036813,37.48950000000001,1.3928571428571428
Ligue_1,2019,11,Strasbourg,27,32,32,38,34.556127,33.46142570000001,12.99038118030792,11.766905966114612,37.7368,1.4074074074074074
Ligue_1,2019,12,Nantes,28,28,31,37,27.814269000000003,30.262707,12.734455234729964,10.510880300263825,35.9084,1.3214285714285714
Ligue_1,2019,13,Bordeaux,28,40,34,37,30.46877400000001,35.199265999999994,10.152499169737718,13.91449817497001,37.05780000000001,1.3214285714285714
Ligue_1,2019,14,Metz,28,27,35,34,24.651134,36.53768300000001,15.80202049660796,9.510432463568147,29.0386,1.2142857142857142
Ligue_1,2019,15,Brest,28,34,37,34,30.04769,44.10606399999999,12.428580562942216,12.972555533870656,30.644199999999994,1.2142857142857142
Ligue_1,2019,16,Dijon,28,27,37,30,27.37805,39.300382,14.308293301781418,9.70302146332392,31.18699999999999,1.0714285714285714
Ligue_1,2019,17,Saint-Etienne,28,29,45,30,29.651493,37.725643,10.718416537389752,10.496213231091817,32.67549999999999,1.0714285714285714
Ligue_1,2019,18,Nimes,28,29,44,27,30.193755000000003,40.4734,12.457196913846362,9.05479095930101,32.6876,0.9642857142857143
Ligue_1,2019,19,Amiens,28,31,50,23,25.6198687,38.426209,12.449506956939592,9.917284680302336,32.8361,0.8214285714285714
Ligue_1,2019,20,Toulouse,28,22,58,13,31.294048,48.275034,14.032993735530718,10.193534990696326,28.007300000000004,0.4642857142857143
